amount,international,new_device,hour,velocity_1h,account_age_days,fraud
15.03,0,1,3,0,59,0
10.25,0,1,15,1,2259,0
24.59,0,0,4,2,1127,0
21.4,0,1,10,1,816,0
17.87,0,0,19,2,781,0
11.8,0,0,8,2,906,0
38.99,0,0,22,1,1164,0
41.13,0,0,1,0,2259,0
12.86,0,0,2,0,597,0
14.17,1,0,4,0,1769,0
29.83,0,1,5,0,3362,0
13.8,0,0,10,0,3520,0
30.72,0,1,21,1,3027,0
75.76,0,1,5,1,965,0
26.0,0,0,8,0,534,0
11.59,0,0,1,1,3204,0
35.68,0,0,17,0,1474,0
23.94,0,0,13,1,1680,0
24.41,0,0,1,0,1555,0
37.82,0,0,11,1,491,0
43.98,1,0,5,1,2633,0
27.79,0,0,10,0,872,0
25.99,0,0,6,0,851,0
114.95,0,0,18,0,2758,0
62.83,0,0,1,2,2601,0
48.59,0,1,14,0,3017,0
29.72,0,0,19,2,2577,0
13.41,0,0,0,0,144,0
59.69,0,0,21,0,1522,0
29.99,0,0,18,0,1496,0
18.1,0,0,6,0,1173,0
22.87,0,0,11,0,1803,0
13.79,0,0,16,1,1814,0
56.83,0,0,12,0,2244,0
43.73,1,0,18,2,3503,0
30.79,0,1,21,0,2374,0
26.31,0,0,8,1,3404,0
16.84,0,0,2,2,3031,0
6.1,1,0,10,2,2679,0
10.08,0,0,14,0,997,0
16.12,0,0,18,0,2109,0
14.51,0,0,6,0,408,0
33.2,0,0,22,1,3372,0
47.85,0,1,0,1,680,0
24.78,1,0,13,1,870,0
72.69,1,0,10,1,3419,0
15.67,0,0,16,1,444,0
24.66,0,0,6,0,1995,0
26.16,0,0,22,4,2097,0
58.24,0,0,0,4,799,0
29.2,0,1,19,1,1422,0
29.77,1,1,11,0,2868,0
8.51,0,0,12,1,2596,0
14.44,0,0,7,1,2142,0
58.39,0,0,9,0,1985,0
6.34,0,0,10,0,1340,0
69.41,0,1,7,0,2276,0
38.47,0,0,0,1,66,0
16.07,0,0,9,0,256,0
15.14,0,0,9,0,2857,0
102.22,0,0,17,0,636,0
72.82,0,0,11,0,2618,0
24.94,1,0,13,0,59,0
29.79,0,0,11,3,956,0
17.25,0,0,10,0,3424,0
29.8,0,0,17,0,969,0
16.92,1,0,16,1,3586,0
25.66,0,1,23,0,990,0
96.28,0,0,11,1,2321,0
25.36,1,0,0,1,2447,0
13.02,1,0,14,1,2313,1
10.42,0,0,9,0,1073,0
29.64,0,0,2,1,2769,0
15.92,0,0,20,0,1132,0
32.22,0,0,15,0,2972,0
8.73,0,0,15,0,1374,0
43.96,1,0,15,0,3054,0
12.91,0,0,23,2,3577,0
28.01,0,0,16,2,2755,0
21.4,0,0,17,1,1679,0
90.28,0,1,18,1,1543,0
30.57,0,1,17,0,1377,0
105.83,0,0,16,2,1281,0
40.15,1,0,1,2,1715,0
73.54,0,0,9,0,1773,0
23.43,0,0,6,0,2625,0
34.53,0,0,21,1,3247,0
63.63,1,1,14,0,3225,0
51.08,0,0,12,0,2205,0
39.32,0,0,12,0,3616,0
21.55,0,1,16,1,3261,0
24.26,0,0,18,0,1774,0
60.12,0,0,4,0,1504,0
69.56,0,0,23,0,1679,0
17.9,0,0,18,0,85,0
16.11,1,0,4,0,1205,0
14.4,1,0,14,1,1397,0
48.46,0,0,10,0,2843,0
14.15,1,0,9,1,958,0
48.05,0,1,20,2,2392,0
39.73,0,0,6,0,1175,0
18.51,1,0,20,0,1326,0
81.02,0,0,15,0,251,0
9.74,0,0,19,2,1892,0
86.63,0,1,17,2,354,1
33.89,0,1,14,1,751,0
6.35,0,1,4,0,1831,0
82.63,1,1,23,2,2533,0
53.55,0,0,15,0,1475,0
20.09,0,0,8,1,920,0
13.8,0,0,6,1,3274,0
9.04,0,1,2,0,1275,0
147.06,0,0,7,0,1171,0
14.21,0,0,3,2,248,0
11.2,0,1,21,0,1284,0
32.71,0,0,10,0,802,0
8.61,0,1,15,1,1291,0
13.64,0,1,19,1,711,0
54.41,0,1,23,0,717,0
37.52,1,0,10,2,2683,0
20.69,0,0,1,0,1731,0
27.46,0,1,14,0,2534,0
19.89,0,0,22,0,2105,0
25.96,1,0,8,0,1964,0
15.91,1,1,2,1,1702,0
18.06,0,1,17,0,1412,0
17.68,0,1,14,1,956,0
16.31,0,0,3,0,3246,0
56.3,1,0,0,1,1493,0
46.48,0,1,12,1,3226,0
14.12,0,0,3,0,2803,0
11.75,1,0,4,0,2200,0
24.29,0,0,7,1,3076,0
122.57,0,1,11,1,2401,0
13.21,0,0,19,1,2977,0
24.22,1,0,10,0,2907,0
28.85,0,0,20,1,2357,0
25.13,1,0,14,0,2638,0
19.67,0,0,9,1,2984,0
60.86,0,0,12,1,820,0
37.27,1,0,3,0,3199,0
49.01,0,0,23,0,1837,0
40.96,0,0,7,0,446,0
50.69,0,0,21,0,554,0
82.19,0,1,15,0,2738,0
68.84,0,0,7,0,2954,0
138.02,0,0,11,1,2387,0
63.57,1,0,2,0,2385,0
16.97,1,1,14,0,3159,0
49.06,1,1,1,0,3573,0
44.58,0,0,15,1,3036,0
103.98,1,0,4,0,498,0
13.78,1,0,3,1,2928,0
40.07,0,1,5,0,1862,0
16.83,1,1,2,1,2914,0
38.81,0,0,21,3,2642,0
23.33,1,1,22,0,2474,0
37.93,0,0,22,0,3165,0
10.1,0,0,17,2,551,0
47.24,0,0,5,1,3114,0
31.32,0,0,18,0,1268,0
30.16,0,0,18,1,737,0
106.18,0,0,5,0,2628,0
20.74,1,0,20,1,3585,0
34.45,0,0,23,0,320,0
29.08,0,1,9,2,3581,0
31.14,0,0,14,2,1250,0
128.41,0,1,20,2,3537,0
28.35,0,0,6,0,179,0
18.23,0,0,23,3,2239,0
100.45,0,1,7,1,1950,0
21.86,0,1,23,4,3036,0
8.81,1,1,5,2,1722,0
16.14,0,0,17,0,277,0
11.33,0,0,12,1,671,0
7.69,0,0,8,0,932,0
21.03,1,1,10,1,3180,0
25.81,0,1,5,0,335,0
61.95,1,0,16,1,3062,0
42.12,0,0,23,1,1845,0
40.8,1,0,14,1,2063,0
14.51,0,1,6,3,3521,0
50.37,0,0,16,0,2799,0
71.8,0,1,10,0,2369,0
35.74,0,0,22,1,3008,0
36.44,1,1,6,1,1683,0
11.19,0,1,12,1,3398,0
56.72,0,0,11,1,2893,0
94.31,0,1,21,0,3566,0
33.99,0,0,2,1,2008,0
17.88,1,0,14,2,2345,0
24.21,0,1,19,0,1670,0
20.2,0,0,8,2,3376,0
21.07,0,0,12,0,2297,0
42.67,1,0,7,0,578,0
32.97,1,1,10,1,1868,0
54.75,0,0,22,2,486,0
35.15,0,0,8,1,2341,0
14.81,1,0,4,1,2552,0
19.1,1,0,13,1,2929,0
18.28,0,0,11,0,559,0
23.79,0,0,18,1,1687,0
95.23,0,1,0,1,1293,0
106.53,0,0,21,0,1514,0
48.7,0,1,16,2,3429,0
29.46,1,1,20,0,2039,0
10.45,0,0,9,0,1618,0
31.63,1,1,10,0,3302,0
15.6,0,0,8,1,1941,0
84.89,0,0,20,0,1543,0
8.81,0,0,1,0,1971,0
35.49,0,1,12,2,3094,0
14.7,1,0,6,1,1652,0
26.93,0,0,15,0,2252,0
43.22,0,0,23,0,652,0
55.44,1,0,16,1,45,0
25.98,0,1,1,0,245,0
46.19,0,0,9,3,1738,0
17.05,1,1,0,1,2622,0
32.2,0,1,11,1,768,0
54.68,0,0,4,0,3442,0
34.21,0,0,16,1,548,0
18.72,0,0,12,0,2541,0
22.3,0,0,7,0,855,0
55.2,1,0,20,2,215,0
12.63,0,0,17,0,2600,0
14.0,1,1,15,1,1890,0
41.31,0,0,8,0,2289,0
19.94,0,0,6,0,3436,0
9.8,0,0,14,1,1959,0
69.8,0,1,18,1,3070,0
12.56,0,0,20,2,1807,0
23.58,1,0,18,1,1274,0
17.57,1,0,0,0,1420,0
22.01,0,1,23,1,1258,0
14.6,0,0,5,1,3235,0
44.7,1,0,0,1,1866,0
29.3,0,0,13,0,3403,0
53.98,0,0,10,0,917,0
17.7,0,0,2,1,2790,0
120.68,0,0,5,0,421,0
7.15,0,0,4,1,1052,0
8.94,1,0,10,0,121,0
92.5,0,0,17,0,3335,0
37.78,0,1,16,0,1088,0
34.43,1,0,0,0,2989,0
36.67,0,1,4,0,1553,0
40.44,0,1,14,3,452,0
33.44,0,0,19,1,1254,0
13.79,0,0,0,0,1247,0
48.07,0,0,8,1,1857,0
43.05,0,0,2,2,1195,0
73.69,0,1,11,1,2468,0
93.22,1,0,9,2,2664,0
34.17,1,0,4,0,567,0
11.48,0,0,23,0,1912,0
93.76,1,0,18,1,2112,0
13.29,0,1,13,1,974,0
34.35,1,0,18,1,2816,0
22.65,0,0,7,2,842,0
20.06,0,0,22,0,3180,0
46.29,1,0,9,1,1669,0
32.17,0,1,9,1,1335,0
38.83,0,0,13,3,2430,0
15.32,0,1,13,0,2261,0
24.0,0,1,14,2,1856,0
15.82,0,0,19,1,2506,0
23.59,0,0,6,1,952,0
24.95,0,0,16,2,2952,0
98.59,0,0,4,0,2262,0
22.61,0,1,5,2,777,0
6.12,0,0,11,1,3646,0
71.99,0,1,12,0,3158,0
37.13,0,0,15,4,644,0
24.74,0,0,3,0,2863,0
19.96,0,0,19,1,1928,0
13.97,0,0,13,1,2808,0
105.28,0,0,14,0,1371,0
28.11,0,0,17,0,892,0
8.03,0,0,16,1,797,0
34.1,0,1,10,0,240,0
63.07,0,0,11,0,3195,0
30.25,0,0,5,0,1140,0
14.42,1,0,13,1,3495,0
13.55,0,0,4,1,824,0
14.27,1,0,15,0,1278,0
78.66,0,0,10,2,3208,0
25.79,0,0,5,0,1267,0
8.37,0,0,11,0,2768,0
35.48,0,0,22,2,334,0
29.93,0,0,13,2,3482,0
19.8,0,0,8,0,2254,0
13.27,0,0,10,1,2738,0
12.87,0,1,14,1,96,0
58.01,0,0,3,0,3520,0
32.24,0,0,13,0,1811,0
37.9,0,0,0,1,773,0
32.18,0,0,20,1,557,0
34.1,0,1,14,1,317,0
19.53,0,1,2,0,2453,0
23.47,0,1,11,3,777,0
61.28,0,0,21,0,3390,0
72.98,1,0,23,2,831,0
11.53,0,0,3,0,324,0
23.43,0,1,6,1,3112,0
48.79,0,0,3,0,2838,0
101.24,0,0,8,1,1893,0
94.38,0,0,20,1,3031,0
15.53,1,1,16,0,2649,0
66.19,0,0,6,0,643,0
28.25,0,0,7,2,1517,0
56.32,1,1,14,0,3367,0
47.08,0,0,14,2,2474,0
11.19,0,1,11,0,2266,0
39.84,0,0,10,1,647,0
54.82,0,1,22,0,1952,0
26.73,1,1,12,1,605,0
22.82,0,0,18,1,2450,0
9.02,0,1,23,1,810,0
43.75,0,0,8,0,1051,0
31.38,0,0,18,2,2093,0
14.22,1,0,19,0,92,0
21.58,1,0,5,1,2553,0
30.21,1,0,5,2,1613,0
18.34,0,0,3,4,1869,0
27.16,0,1,14,1,2713,0
7.96,0,1,18,0,2811,0
69.73,0,0,18,1,3353,0
27.42,0,0,9,1,656,0
12.56,0,0,16,0,1569,0
4.85,0,0,0,1,348,0
55.72,0,1,15,0,962,0
40.07,1,1,11,0,2013,0
31.42,0,0,19,2,479,0
49.63,0,0,23,1,1626,0
49.53,0,0,13,0,3414,0
31.07,1,0,14,0,258,0
22.69,0,0,22,1,842,0
20.25,0,0,8,1,1031,0
36.4,0,0,3,1,3325,0
72.09,1,0,12,2,2680,0
25.23,0,1,8,0,670,0
76.21,0,1,15,1,2557,0
35.21,0,0,18,0,66,0
35.39,0,0,12,1,2913,0
146.0,0,1,7,0,818,0
86.22,1,0,13,0,2598,0
87.8,1,1,10,0,1798,0
15.51,0,0,4,1,2677,0
125.78,0,1,18,0,1272,0
25.6,0,0,7,2,1937,0
23.12,0,1,12,1,3313,0
5.98,1,0,21,0,2930,0
34.07,1,1,4,0,1989,0
12.7,0,0,10,1,3367,0
36.08,0,0,4,0,429,0
12.02,0,1,10,1,2555,0
95.43,1,0,7,0,2282,0
39.89,0,0,21,0,936,0
133.74,0,0,7,2,1419,0
13.25,0,1,14,0,1481,0
80.19,0,1,3,2,2478,0
7.68,0,0,10,0,2280,0
31.36,1,1,20,0,2869,0
17.42,1,1,16,0,2398,0
19.81,0,0,6,2,3597,0
18.89,0,0,23,3,3028,0
14.29,0,0,19,0,2104,0
11.23,0,0,9,1,67,0
19.89,0,0,23,0,1338,0
29.41,0,0,4,0,466,0
61.23,0,1,7,1,1582,0
33.34,1,0,22,2,3625,0
61.35,0,0,23,3,1469,0
9.63,1,0,19,1,2983,0
20.02,0,0,4,0,1644,0
44.6,0,1,5,1,2105,0
34.47,0,0,15,1,109,0
14.84,0,1,1,0,2509,0
52.14,0,0,23,1,902,0
18.69,1,0,22,0,1679,0
15.73,1,0,19,1,3605,0
38.12,0,0,23,0,815,0
27.23,0,0,5,1,3387,0
18.8,0,0,21,0,3025,0
18.36,0,0,6,0,176,0
12.82,0,0,2,0,1347,0
20.55,0,0,6,1,3575,0
58.56,1,0,18,1,1657,0
32.17,1,0,22,0,2890,0
53.04,0,0,14,1,3353,0
38.91,0,1,5,1,10,0
17.66,0,1,14,1,2669,0
8.55,0,0,12,2,3334,0
14.17,0,0,12,1,2108,0
16.95,0,0,8,0,3505,0
16.05,0,0,3,0,2552,0
53.88,1,1,8,0,2294,0
53.49,0,1,21,1,451,0
127.53,0,0,9,0,2877,0
15.89,0,0,0,0,3122,0
82.95,0,0,8,0,1213,0
82.59,0,0,11,1,576,0
23.04,0,0,14,0,2088,0
37.77,0,0,15,0,3426,0
64.62,0,0,10,0,2670,0
26.02,0,0,3,1,2958,0
24.64,0,0,10,1,2048,0
17.48,0,0,0,0,1524,0
5.2,0,0,12,0,1111,0
28.48,0,0,10,0,2947,0
16.5,0,0,8,0,2369,0
12.77,0,0,15,0,2729,0
36.44,0,1,18,1,3060,0
9.82,0,0,6,0,3574,0
47.67,0,0,12,2,3051,0
38.04,0,0,12,1,1629,0
20.49,0,0,12,1,482,0
25.94,0,0,9,0,2041,0
11.79,0,1,5,0,1625,0
45.84,0,1,4,0,3413,0
30.91,0,0,0,1,141,0
32.57,1,0,1,1,3124,0
38.53,0,1,19,1,2309,0
17.29,0,0,1,1,256,0
9.36,0,0,20,0,883,0
52.99,0,1,21,0,227,0
43.91,0,0,5,1,3395,0
18.64,1,0,10,0,2353,0
36.1,0,0,8,0,2256,0
65.4,0,0,9,0,1898,0
60.16,0,1,8,1,1462,0
18.26,0,0,8,2,624,0
9.56,0,0,16,0,2669,0
10.78,0,0,9,1,481,0
21.8,0,0,4,0,756,0
75.46,0,0,9,0,3565,0
16.28,0,0,23,0,333,0
17.86,0,0,23,0,3471,0
17.6,0,0,1,0,318,0
18.69,0,1,13,0,1776,0
26.9,0,0,23,1,2127,0
11.07,0,1,4,0,414,0
57.92,0,0,1,1,3244,0
24.5,0,0,5,0,3493,0
153.76,1,1,7,0,813,0
11.92,0,1,22,0,809,0
82.51,0,0,6,1,2774,0
71.8,0,0,7,2,1356,0
20.32,0,1,6,1,137,0
20.56,0,0,9,1,2738,0
14.23,0,0,23,1,1289,0
14.34,0,0,2,0,1486,0
27.1,0,1,11,1,2386,0
27.51,0,0,14,0,2106,0
8.83,0,0,2,0,3015,0
135.02,1,1,1,1,2912,0
22.61,0,0,23,0,3442,0
28.39,0,1,6,1,3351,0
17.49,0,0,5,0,2308,0
22.49,0,0,8,2,2031,0
21.1,1,0,1,0,1688,0
27.06,0,0,3,0,2425,0
26.84,1,0,0,1,221,0
47.63,0,1,12,1,1468,0
31.79,0,0,11,1,1006,0
44.39,1,0,6,1,2031,0
26.93,0,0,22,1,3369,0
31.88,1,0,7,1,1755,0
22.9,1,0,0,0,2127,0
54.72,0,0,2,0,1470,0
33.98,0,0,17,0,1250,0
24.27,0,0,12,3,2485,0
23.77,0,0,6,0,908,0
25.12,0,0,5,0,3208,0
27.7,0,0,5,0,414,0
26.06,0,0,10,1,811,0
18.33,0,1,16,0,2743,0
46.31,0,0,15,0,302,0
48.41,0,0,17,0,1505,0
94.51,0,1,0,0,1378,0
17.77,0,0,13,0,3418,0
43.23,0,1,18,0,579,0
7.12,0,0,4,0,1658,0
48.44,0,1,13,0,1677,0
9.78,0,1,0,2,2987,0
13.61,0,1,21,0,1974,0
34.21,0,0,17,0,475,0
17.55,0,1,14,1,3177,0
15.95,0,0,14,1,550,0
19.31,0,0,16,1,2536,0
45.18,1,0,10,0,997,0
14.11,0,0,23,0,444,0
26.1,0,1,5,0,698,0
20.8,1,1,19,0,3446,0
48.13,0,0,18,4,3565,0
49.08,0,0,20,2,2190,0
7.5,0,0,1,2,2949,0
56.35,0,0,10,1,3295,0
17.68,0,1,15,1,1271,0
31.99,0,0,14,1,2765,0
14.05,0,1,16,1,1897,0
35.16,0,0,15,1,631,0
161.73,0,0,5,0,1946,0
29.64,0,0,19,0,167,0
19.65,0,0,11,1,2216,0
23.05,0,1,23,0,949,0
9.7,1,1,12,1,378,0
74.76,0,1,12,1,2574,0
33.75,0,1,14,0,1273,0
13.01,0,0,20,1,1631,0
13.31,0,0,21,1,313,0
27.4,0,1,14,1,291,0
52.06,0,0,13,1,3354,0
12.11,0,1,1,1,2189,0
59.11,0,0,1,1,1472,0
25.43,0,1,17,0,2430,0
14.14,0,0,8,1,2653,0
19.54,0,1,10,2,415,0
92.2,0,0,15,1,3361,0
10.26,0,0,5,1,2392,0
16.24,0,1,7,0,1129,0
52.82,0,0,1,4,981,0
31.55,0,0,18,0,320,0
15.58,0,0,12,0,936,0
53.27,0,0,4,1,1227,0
55.07,0,0,14,1,777,0
34.19,0,0,3,0,2449,0
17.66,0,0,18,1,921,0
19.67,0,0,5,0,1824,0
33.09,0,1,6,2,2039,0
10.82,0,0,21,0,273,0
68.68,0,0,17,0,615,0
89.13,0,0,16,1,256,0
22.98,0,0,14,1,2521,0
34.79,0,1,12,2,2553,0
62.18,0,0,4,0,472,0
106.58,0,0,7,0,2688,0
80.63,0,0,23,0,2961,0
8.05,0,1,22,1,399,0
21.74,1,0,17,0,426,0
38.49,0,0,21,0,2900,0
19.18,0,0,19,0,1126,0
94.44,0,1,9,0,1261,0
84.82,0,0,17,1,2147,0
15.32,0,0,18,0,248,0
24.2,1,1,3,1,1598,0
16.04,0,0,21,2,1218,0
23.65,0,0,11,1,3002,0
23.15,0,0,7,0,2666,0
52.88,0,1,11,0,1046,0
14.56,0,0,7,2,2393,0
4.34,1,0,7,1,1470,0
8.82,1,1,13,1,1757,0
13.2,0,0,23,0,2683,0
17.13,0,0,9,3,1020,0
30.91,0,0,5,0,2110,0
12.73,0,0,18,1,1525,0
11.61,0,0,7,1,2372,0
14.15,0,0,12,2,1392,0
12.42,1,1,6,0,3413,0
18.39,0,0,5,0,1423,0
17.85,0,1,6,0,399,1
43.92,1,0,8,1,1787,0
13.56,0,0,22,0,871,0
21.11,0,1,16,0,1661,0
18.51,0,0,16,0,3360,0
47.76,1,0,1,0,374,0
24.34,0,0,0,3,155,0
56.57,1,0,8,0,1059,0
12.1,0,0,21,0,1590,0
26.19,0,0,0,0,471,0
18.12,1,1,18,0,2539,0
11.49,0,0,19,0,2197,0
25.86,0,0,6,1,2561,0
91.2,0,0,2,1,1543,0
14.92,0,0,3,1,3396,0
24.8,0,0,1,1,2452,0
10.82,0,0,20,0,3360,0
9.76,0,0,18,0,319,0
15.63,0,0,16,0,2435,0
19.79,0,1,2,0,1258,0
20.41,0,0,22,2,703,0
23.15,0,0,16,0,658,0
8.55,0,1,19,0,717,0
17.49,0,1,9,1,336,0
38.52,1,1,4,0,1658,0
10.48,0,0,19,0,2823,0
21.14,0,1,1,1,1691,0
33.28,0,0,4,0,477,0
15.68,0,0,3,0,2581,0
34.43,0,1,2,1,638,0
9.35,0,0,13,2,3171,0
50.5,0,1,5,2,1338,0
35.02,1,1,23,1,4,0
28.19,0,0,22,1,1068,0
59.58,0,0,4,2,3038,0
21.53,0,1,19,1,3357,0
17.59,0,0,0,1,1539,0
70.87,0,0,6,0,3608,0
98.35,1,0,15,0,846,0
16.69,1,1,4,0,1541,0
25.04,0,1,1,0,1673,0
56.35,0,0,3,0,734,0
25.67,0,0,15,0,1398,0
41.11,0,1,5,1,1818,0
46.82,0,0,5,0,2553,0
18.29,0,0,4,1,1809,0
36.36,1,0,21,2,377,0
27.0,0,1,21,0,1701,0
11.57,0,0,19,0,3096,0
13.56,1,0,0,0,74,0
17.17,0,0,6,1,3643,0
51.93,0,0,21,0,468,0
53.14,1,0,13,0,33,0
45.83,0,0,0,0,514,0
36.9,0,0,5,0,913,0
36.2,0,1,19,1,1283,0
32.93,1,0,21,2,3028,0
36.06,0,1,10,0,2119,0
37.82,0,0,3,0,2331,0
10.14,0,0,1,1,3204,0
15.59,0,1,5,1,479,0
13.19,0,0,19,0,815,0
58.85,0,0,19,0,3533,0
86.3,1,0,6,3,2814,0
5.94,0,0,23,1,216,0
81.07,1,0,21,4,825,0
28.81,1,1,23,1,1363,0
55.09,1,1,18,2,119,0
38.65,0,0,13,0,2127,0
74.31,0,1,23,2,2371,0
31.4,1,0,16,0,1225,0
10.44,0,0,19,2,783,0
25.18,0,0,9,1,1552,0
38.9,0,1,5,1,3356,0
23.31,0,0,13,0,2622,0
42.97,0,1,9,2,3406,0
25.89,0,0,8,1,2018,0
17.87,0,0,16,0,383,0
12.68,0,1,14,1,218,0
20.61,0,1,7,0,710,0
31.29,1,1,5,1,1901,0
6.88,0,0,13,0,768,0
15.7,0,0,7,0,1157,0
6.7,0,0,5,1,3326,0
17.6,1,1,5,0,158,0
62.68,0,0,15,0,284,0
11.82,0,0,9,1,1422,0
44.35,0,0,8,1,2741,0
199.17,1,0,2,2,3006,0
75.0,0,0,1,0,1050,0
29.77,0,1,16,2,1061,0
49.45,0,0,23,0,2125,0
10.39,0,0,7,2,3160,0
9.01,0,1,20,0,647,1
27.66,0,0,14,0,3256,0
35.84,0,0,7,2,2943,0
58.33,0,0,13,1,977,0
18.21,0,0,3,1,2448,0
31.04,1,0,8,0,2295,0
30.31,0,0,17,0,77,0
24.73,0,0,20,0,1466,0
25.77,0,1,5,1,865,0
14.91,0,0,21,0,248,0
32.98,1,0,14,1,1702,0
31.08,0,1,5,1,2564,0
19.93,1,1,18,3,1938,0
43.21,0,0,21,1,323,0
55.67,0,0,6,1,3019,0
43.56,0,0,2,1,256,0
13.07,0,0,6,0,1412,0
29.07,1,0,18,1,2074,0
14.32,0,0,1,2,3382,0
29.01,0,0,6,1,2751,0
14.36,0,0,7,1,707,0
66.29,0,0,0,0,1561,0
46.91,0,1,14,0,3130,0
60.77,0,0,19,0,904,0
56.61,0,0,3,2,3300,0
22.43,0,0,21,0,1947,0
20.13,0,0,22,0,2287,0
91.76,0,1,20,0,2419,0
24.15,1,1,17,0,3531,0
10.5,0,1,10,4,2510,0
54.88,0,0,4,1,1498,0
29.98,1,1,21,1,2153,0
77.8,0,0,12,0,2552,0
32.14,0,0,10,0,2182,0
26.74,0,0,9,2,36,0
78.91,0,1,5,0,3291,0
9.24,1,1,9,2,1002,0
18.0,0,0,19,0,2375,0
14.57,0,1,13,0,2067,0
5.83,0,1,9,0,438,0
49.96,0,1,2,1,3197,0
18.35,1,0,9,1,303,0
51.1,0,1,5,1,3478,0
35.6,0,1,9,2,3364,0
41.47,0,0,3,1,2114,0
19.71,0,0,22,0,3483,0
15.88,0,1,4,0,3123,0
28.87,0,1,2,1,3284,0
51.59,0,0,15,0,2917,0
26.17,1,1,8,1,3391,0
16.59,1,0,23,0,2823,0
11.71,0,0,9,0,3212,0
31.28,1,0,15,1,406,0
18.4,0,0,20,2,1558,0
25.78,0,0,23,0,1747,0
22.94,0,0,19,2,3319,0
19.86,0,0,13,0,1774,0
33.3,0,0,19,0,1605,0
39.97,0,0,6,0,2874,0
107.31,0,0,20,0,2373,0
46.09,0,0,20,1,2139,0
82.73,0,0,9,1,3335,0
15.29,0,0,1,2,2992,0
8.84,0,0,16,0,2596,0
26.84,0,0,2,1,3491,0
49.43,0,1,0,2,176,0
44.29,0,0,22,1,2024,0
63.31,0,0,13,0,113,0
4.59,0,0,15,0,2889,0
65.18,0,0,21,1,464,0
34.29,0,0,22,0,2046,0
9.2,0,1,22,1,2856,0
44.99,0,0,3,0,2283,0
30.53,1,0,7,0,214,0
35.41,1,0,18,0,1737,0
54.56,0,0,0,0,2845,0
36.64,0,0,5,0,3502,0
9.67,0,0,12,0,3278,0
24.53,0,0,8,1,2984,0
8.74,0,0,4,2,1120,0
42.71,0,1,21,1,2744,0
72.14,0,0,10,0,609,0
11.37,0,0,9,0,1202,0
16.95,0,0,15,0,1034,0
14.62,0,0,16,1,1771,0
19.73,0,0,11,0,3194,0
36.19,0,0,21,0,3149,0
19.88,0,0,7,1,3258,0
42.81,0,1,20,0,3417,0
57.15,0,0,20,2,102,0
58.63,0,0,0,0,3641,0
12.39,0,1,18,1,3203,0
71.53,0,0,3,3,2680,0
75.66,0,1,11,1,293,0
80.39,0,0,22,0,2667,0
24.28,0,0,4,1,2465,0
16.02,0,0,13,1,342,0
13.61,1,0,18,0,736,0
12.54,0,0,11,0,2743,0
27.34,0,0,1,1,609,0
49.08,0,1,1,0,1265,0
67.67,0,1,12,0,2219,0
19.3,1,0,0,0,3155,0
26.39,0,0,0,2,1038,0
25.21,0,0,22,1,41,0
17.38,0,0,12,3,3107,0
45.38,0,0,11,0,3410,0
34.95,0,1,2,0,3118,0
29.94,0,0,18,0,1766,0
34.84,0,0,12,0,2628,0
41.71,0,0,5,1,467,0
41.42,0,0,18,0,2326,0
15.08,0,0,5,2,2193,0
50.78,0,0,12,0,2319,0
32.42,0,0,13,3,2525,0
20.0,0,0,6,2,3246,0
31.94,0,0,21,0,2846,0
34.51,0,0,16,2,133,0
57.82,0,1,6,2,2561,0
13.04,1,0,3,0,2662,0
68.54,0,0,7,0,2019,0
27.56,0,1,11,1,2276,0
19.02,0,0,13,1,299,0
18.62,0,0,9,4,955,0
13.45,0,1,0,0,3149,0
8.02,0,0,16,0,8,0
43.56,0,1,9,1,3589,0
108.49,1,0,8,0,812,0
8.74,1,0,13,0,2839,0
13.94,0,0,20,1,802,0
45.88,0,0,0,0,126,0
26.26,0,0,23,1,2206,0
48.62,1,0,15,2,2758,0
25.25,0,0,13,0,311,0
18.06,0,0,1,0,984,0
23.15,0,0,17,1,1111,0
5.12,0,0,17,2,3511,0
12.18,0,0,13,1,1132,0
52.66,0,0,19,0,231,0
62.45,0,1,20,0,3595,0
72.55,0,0,20,2,336,0
36.91,0,0,7,1,1778,0
5.59,0,1,16,0,662,0
17.38,0,1,1,1,921,0
68.53,0,0,13,2,2749,0
84.45,0,0,3,1,496,0
70.38,0,1,7,1,2377,0
22.98,0,0,16,0,2067,0
10.86,0,0,10,1,2654,0
26.35,0,0,20,2,584,0
27.4,0,0,2,2,1291,0
81.12,0,1,23,0,12,0
31.8,0,0,16,1,3210,0
27.43,1,0,10,1,3609,0
28.54,0,0,0,0,1628,0
35.87,0,0,1,1,1933,0
42.04,0,0,9,3,489,0
16.33,0,1,13,0,3197,0
12.93,1,0,12,0,2801,0
70.77,0,1,7,0,419,0
8.6,0,0,15,0,1932,0
85.32,0,0,14,1,626,0
7.12,0,0,8,1,2165,0
18.01,0,0,7,0,2397,0
53.53,0,0,10,1,1405,0
27.12,0,1,17,2,1611,0
10.79,1,0,14,3,2594,0
36.54,0,0,3,1,569,0
28.41,0,1,22,0,129,0
23.31,0,1,4,1,1520,0
17.52,0,0,16,0,1792,0
26.46,1,0,0,0,1044,0
18.04,0,1,6,1,1559,0
149.03,1,0,13,0,373,0
22.92,0,0,20,2,2724,0
20.87,1,0,13,0,2797,0
18.56,0,0,1,0,970,0
94.05,0,0,22,1,2379,0
8.61,0,1,6,2,853,0
34.87,0,0,8,3,1442,0
22.93,0,1,2,0,1167,0
10.01,0,0,16,1,3543,0
15.28,0,0,10,1,1753,0
33.85,0,0,5,1,2310,0
14.8,0,0,15,0,766,0
32.51,0,0,4,0,3384,0
90.96,1,0,12,0,2497,0
30.55,0,0,15,0,386,0
9.8,0,0,19,0,1210,0
14.99,1,0,16,1,1846,0
22.2,0,0,13,0,1538,0
21.19,0,0,0,0,2922,0
30.16,0,0,5,0,2035,0
33.74,1,0,13,0,2033,0
91.05,0,1,12,0,1375,0
27.04,0,1,12,1,3081,0
12.1,0,0,17,1,2559,0
60.8,0,0,21,0,2576,0
65.64,0,0,12,0,2395,0
31.9,1,0,3,0,2427,0
22.82,0,1,10,1,2762,0
41.92,0,0,6,1,854,0
23.39,0,1,12,0,1908,0
6.43,1,0,14,1,479,0
40.22,0,1,13,0,1341,0
50.63,0,1,13,0,1063,0
74.35,0,0,7,2,734,0
16.26,0,1,4,0,1997,0
31.76,0,0,20,1,1594,0
32.25,0,0,9,0,1657,0
28.78,0,0,4,0,3186,0
29.38,0,1,23,0,1320,0
27.83,0,1,0,0,441,0
31.44,0,0,8,1,2887,0
45.53,0,0,17,1,786,0
63.7,0,0,9,0,3553,0
15.97,0,0,20,1,2428,0
24.03,0,0,8,0,933,0
20.17,0,0,15,0,2098,0
18.25,0,0,10,0,3403,0
8.75,0,1,11,0,3344,0
27.58,1,0,11,0,1448,0
37.92,0,0,23,1,105,0
24.32,0,0,18,1,290,0
26.94,0,0,8,0,3206,0
36.34,0,0,9,2,2412,0
72.8,0,1,9,1,2648,0
20.21,1,0,17,1,2633,0
11.94,0,1,14,0,2830,0
25.45,0,1,12,0,1856,0
101.34,0,1,10,0,1382,0
12.03,0,0,9,0,858,0
42.74,0,0,13,1,1121,0
60.98,0,1,19,0,2738,0
5.18,1,0,23,0,52,0
36.13,0,0,1,0,531,0
41.36,0,0,5,2,2874,0
22.49,0,0,16,0,2366,0
17.24,0,0,3,0,589,0
17.93,1,1,14,1,132,0
21.54,0,0,10,0,825,0
21.94,1,0,4,0,432,0
19.23,1,1,12,0,1009,0
21.3,0,0,12,0,3040,0
62.4,0,0,17,1,3174,0
11.59,0,1,19,0,1046,0
7.97,0,1,22,0,1050,0
63.1,0,0,10,0,3016,0
23.7,0,0,16,4,1553,0
20.66,1,0,18,1,779,0
25.08,0,1,23,1,2727,0
31.39,1,1,15,1,1790,0
18.79,1,0,5,1,3256,0
38.63,1,1,8,1,3201,0
13.82,0,0,5,1,2887,0
21.95,0,0,4,2,3548,0
5.75,0,0,7,0,1954,0
61.59,0,0,11,0,1997,0
23.97,0,1,18,0,7,0
43.34,0,0,6,0,614,0
37.85,0,0,4,2,576,0
39.84,0,0,3,1,3363,0
26.97,1,1,4,1,925,0
35.58,0,0,10,1,2270,0
13.83,1,1,9,0,1510,0
11.94,0,0,9,0,2792,0
25.26,0,1,7,2,1321,0
16.85,0,0,10,1,3423,0
73.54,0,0,15,2,1877,0
35.25,0,1,1,0,890,0
16.42,1,0,21,0,1503,0
22.42,1,1,7,0,1332,0
29.76,0,0,3,0,2650,0
25.85,0,0,4,2,1182,0
32.79,0,1,13,2,190,0
28.45,0,1,12,2,2861,0
10.24,0,0,2,1,3630,0
6.02,0,0,11,0,915,0
20.87,0,1,5,0,3077,0
40.14,0,0,21,2,143,0
21.04,0,1,7,1,1222,0
64.43,0,0,23,1,42,0
26.24,0,0,13,1,1448,0
70.11,0,1,23,0,2223,0
60.72,0,0,13,2,3517,0
56.59,0,0,3,2,3068,0
11.68,1,0,15,0,3415,0
27.44,0,1,11,1,2381,0
63.81,1,0,19,1,1435,0
32.81,0,1,9,1,3308,0
39.97,0,0,4,0,217,0
10.26,0,0,2,0,2974,0
103.87,0,0,17,0,3606,0
15.58,0,0,5,2,80,0
6.71,0,0,16,1,2386,0
21.2,0,0,3,0,3196,0
4.89,0,0,1,1,2529,0
12.68,0,0,17,1,3561,0
162.55,0,0,8,0,1002,0
20.78,0,0,13,2,2331,0
9.98,1,0,0,2,2988,0
27.6,0,0,4,0,253,0
14.46,0,1,2,0,2034,0
49.66,0,1,6,1,3505,0
14.55,0,1,6,0,1716,0
32.77,0,0,8,0,2978,0
12.15,0,0,5,0,2705,0
167.22,1,1,10,0,984,0
38.57,1,1,21,0,1357,0
24.49,0,0,2,3,1790,0
22.09,1,0,21,0,1567,0
18.4,0,1,9,2,2172,0
15.92,1,1,13,0,2380,0
15.61,0,0,16,1,1508,0
87.78,1,0,17,0,2334,0
18.42,0,1,22,0,2405,0
6.11,0,0,23,0,3544,0
11.99,1,0,2,1,2979,0
51.9,0,0,9,0,2054,0
22.72,0,0,12,2,645,0
24.68,0,0,12,0,1171,0
61.49,0,1,23,0,1209,0
15.74,0,0,15,2,1049,0
42.21,0,0,9,2,3453,0
16.99,0,0,22,0,1949,0
40.57,0,0,17,1,3611,0
20.62,0,0,19,0,436,0
22.89,1,0,15,0,2602,0
48.14,0,0,1,0,2146,0
45.77,0,1,23,0,2784,0
24.15,0,0,17,0,1424,0
19.49,1,1,3,0,1895,1
83.05,0,0,6,1,1284,0
40.96,0,0,8,1,2543,0
20.62,1,1,6,0,702,0
17.16,0,0,14,0,2409,0
55.56,0,1,13,1,1808,0
29.39,0,0,5,0,2909,0
24.18,0,1,16,3,137,0
29.38,0,0,6,0,665,0
34.35,0,0,3,5,2216,0
26.06,1,0,22,0,1364,0
62.97,0,0,7,1,1042,0
65.47,0,0,5,1,3405,0
39.34,0,0,17,2,3303,0
70.97,0,0,18,0,335,0
27.27,0,0,3,1,1921,0
43.96,0,0,1,0,2434,0
54.77,0,0,20,2,2849,0
55.33,1,0,12,0,739,0
51.48,0,1,10,0,3106,0
42.18,0,0,10,1,2392,0
106.7,0,0,14,0,3208,0
18.58,0,0,16,2,2483,0
24.32,0,0,1,1,3177,0
23.33,0,0,6,0,108,0
20.95,0,1,22,1,822,0
6.74,0,0,4,0,1942,0
70.98,0,1,21,0,1107,0
13.22,0,0,9,0,722,0
30.53,0,1,4,2,2583,0
10.02,0,0,14,1,3624,0
41.87,0,0,15,2,1962,0
15.65,0,0,8,2,2220,0
12.24,0,1,19,0,2224,0
31.06,1,0,1,0,1522,0
16.6,1,0,2,4,2473,0
18.14,1,0,14,2,2944,0
30.58,0,0,13,0,417,0
47.47,0,1,16,0,1005,0
15.29,0,0,20,0,614,0
13.55,0,0,22,0,2892,0
27.56,0,0,12,0,2328,0
39.55,0,0,12,0,2451,0
75.48,0,1,22,2,2282,0
12.81,0,1,23,0,1943,0
21.7,1,0,1,1,2983,0
61.75,0,0,12,2,573,0
107.9,0,1,22,0,2532,0
13.53,0,0,1,2,3045,0
16.16,0,1,23,1,758,0
35.4,1,0,17,0,2589,0
18.09,1,0,3,0,255,0
15.94,0,0,15,2,596,0
32.17,0,0,10,0,1427,0
80.21,0,1,8,1,3649,0
10.84,0,1,14,1,1355,0
77.39,0,0,17,2,1565,0
18.13,0,0,21,2,2801,0
34.54,0,1,10,0,2913,0
82.57,0,1,3,2,2450,0
34.05,0,0,20,0,110,0
22.02,0,1,8,2,3183,0
44.82,0,0,18,0,952,0
24.02,0,1,19,0,1840,0
39.05,0,0,1,1,2670,0
23.49,0,0,9,1,1053,0
49.54,0,0,2,1,2502,0
10.22,0,0,14,1,1840,0
13.34,0,0,19,2,570,0
10.11,0,0,13,0,786,0
26.06,0,0,7,0,2784,0
9.29,0,1,23,1,220,0
16.71,0,0,2,0,1393,0
12.49,0,0,3,1,1823,0
76.38,0,1,8,1,1401,0
13.55,0,0,22,3,1509,0
11.02,0,0,21,0,3547,0
32.26,0,1,13,1,117,0
88.3,0,0,22,0,3582,0
25.0,0,1,21,0,2632,0
26.39,0,0,14,2,3350,0
66.92,0,0,2,1,2351,0
50.14,1,1,21,0,3445,0
36.52,0,1,15,0,269,0
18.04,0,0,3,0,2622,0
37.31,1,1,20,1,2591,0
10.46,1,1,9,0,3401,0
17.52,0,1,18,0,302,0
73.85,0,0,6,2,1854,0
67.45,0,0,0,1,1889,0
36.83,0,1,10,1,344,0
7.02,1,1,10,0,2271,0
11.64,0,0,20,0,1754,0
16.85,1,0,2,0,1821,0
24.04,0,0,21,0,2490,0
11.3,0,0,3,1,2728,0
22.82,0,0,22,0,2417,0
93.42,0,0,16,1,1407,0
35.89,0,0,8,1,3516,0
31.6,0,0,22,2,777,0
13.3,1,0,8,0,1240,0
8.61,0,1,15,0,1775,0
11.48,0,0,0,0,1140,0
8.37,0,0,2,2,1249,0
28.57,0,0,8,0,3383,0
35.47,0,0,5,1,552,0
13.79,0,0,5,2,1867,0
30.07,0,1,9,1,1719,0
75.81,1,0,14,0,317,0
106.74,0,0,3,0,735,0
46.49,1,1,18,1,995,0
23.99,0,1,20,0,1716,0
45.45,0,0,20,0,1519,0
69.84,0,0,4,1,2162,0
6.65,1,0,21,0,1374,0
76.51,0,0,3,0,2855,0
18.52,0,0,2,0,1338,0
18.64,0,0,17,2,3114,0
21.15,1,0,18,2,3649,0
33.92,0,0,3,1,2438,0
12.45,0,1,9,1,371,0
22.21,0,0,9,1,3261,0
39.16,0,0,17,0,2980,0
31.6,0,1,12,0,2035,0
35.39,0,0,14,0,1240,0
21.61,1,0,1,0,2593,0
44.06,0,0,23,0,2246,0
56.8,1,0,13,0,2811,0
54.46,0,0,16,0,2355,0
36.57,0,0,11,2,3010,0
52.31,0,0,5,1,3530,0
49.89,0,0,16,0,2744,0
176.54,0,0,6,1,1160,0
63.6,1,1,5,1,3293,0
25.48,0,1,13,0,3017,0
14.32,0,0,8,0,1725,0
22.58,0,0,21,0,218,0
21.49,0,1,15,1,3480,0
38.78,1,0,8,0,1972,0
16.61,0,0,0,0,1461,0
62.46,1,1,8,1,2215,0
10.25,0,0,2,1,256,0
8.65,0,0,5,1,3013,0
24.67,0,0,6,1,664,0
15.03,0,0,15,0,940,0
11.24,0,0,2,3,2037,0
17.36,0,0,3,1,2424,0
15.91,0,0,0,1,53,0
27.31,0,0,22,0,2120,0
17.56,0,1,23,0,574,0
18.59,0,0,7,1,3482,0
27.02,0,0,10,0,1365,0
55.15,0,0,7,0,1790,0
75.91,1,0,12,0,2278,0
30.07,0,0,13,0,572,0
31.75,0,0,6,1,604,0
23.85,0,0,15,0,3500,0
37.97,0,0,0,0,2098,0
35.63,0,0,15,0,827,0
68.59,0,0,18,1,2420,0
7.23,0,0,1,1,3259,0
23.01,0,0,17,0,2787,0
34.38,0,1,17,0,1460,0
26.62,0,0,23,1,2410,0
14.05,0,0,19,1,3269,0
10.92,1,0,0,0,912,0
47.68,0,0,1,0,2884,0
15.96,0,0,3,0,3640,0
7.94,0,0,13,0,1259,0
49.38,0,0,17,0,3242,0
37.39,0,1,15,1,80,0
25.0,0,1,7,1,1363,0
14.29,0,0,4,0,1009,0
25.04,0,0,1,1,106,0
63.49,0,0,8,1,2199,0
8.76,0,0,7,0,1929,0
9.07,0,0,7,0,1384,0
17.47,0,0,2,1,3157,0
26.61,0,0,6,0,906,0
19.16,0,0,20,0,3000,0
42.52,0,0,5,0,2320,0
58.1,0,0,21,1,3276,0
32.95,0,1,2,3,25,0
40.14,1,0,15,0,3538,0
32.8,0,0,2,2,8,0
27.29,0,0,9,1,2602,0
10.96,0,0,22,3,2746,0
13.2,0,0,18,0,592,0
10.53,0,0,12,1,128,0
24.44,1,0,15,1,132,0
31.9,1,0,15,1,472,0
9.83,0,0,19,2,552,1
28.53,0,0,14,1,3530,0
14.69,0,0,12,1,734,0
12.83,1,0,1,2,2939,0
17.5,0,1,23,4,224,0
12.37,0,0,13,3,2388,0
41.46,0,1,6,0,1655,0
24.1,0,0,3,0,1972,0
47.97,0,0,14,1,2861,0
19.88,0,0,18,2,765,0
20.41,0,0,19,0,15,0
100.62,0,0,21,1,806,0
8.7,0,0,21,2,2933,0
66.63,0,0,14,1,2158,0
86.33,0,0,22,1,3377,0
46.34,0,1,1,2,3045,0
21.51,0,0,9,1,554,0
73.61,1,0,11,1,210,0
21.64,0,0,16,0,77,0
16.54,0,1,7,2,690,0
20.66,0,1,6,0,1749,0
18.19,1,0,21,3,60,0
13.98,0,0,15,0,3170,0
58.97,0,0,15,1,1746,0
15.78,0,0,4,1,2689,0
26.56,0,1,12,1,3185,0
9.87,1,0,10,0,126,0
27.7,0,1,14,1,1583,0
12.07,0,0,22,0,2457,0
11.87,0,1,6,1,3638,0
25.12,1,0,19,2,2984,0
56.82,1,0,15,0,791,0
36.9,0,0,11,1,989,0
38.72,0,0,22,0,2917,0
24.76,0,1,3,1,2384,0
21.44,0,0,16,0,911,0
47.17,0,1,9,0,1802,0
18.28,0,0,16,1,3390,0
48.62,0,0,3,0,750,0
64.4,0,0,17,1,1203,0
15.04,0,0,1,2,3290,0
16.67,0,1,8,0,2456,0
18.5,1,0,21,0,813,0
9.71,0,0,15,0,1047,0
19.52,0,0,11,0,3067,0
67.42,0,0,7,0,1023,0
13.04,0,1,2,0,2561,0
68.56,0,1,2,1,1809,0
20.02,0,0,17,0,806,0
119.08,0,0,6,0,1343,0
16.82,0,0,1,0,2596,0
24.51,0,1,10,2,2927,0
14.34,0,0,9,1,94,0
16.75,0,1,22,1,3305,0
69.18,0,1,5,1,862,0
37.79,0,0,6,0,2368,0
55.71,0,1,3,1,1041,0
10.8,0,0,4,1,977,0
42.88,0,0,12,0,3245,0
13.74,0,0,5,1,2558,0
10.63,1,0,17,1,3341,0
32.04,0,0,19,0,76,0
31.82,0,0,11,0,989,0
28.14,0,1,5,2,177,0
44.8,0,1,19,0,1732,0
49.97,1,0,23,0,1685,0
75.85,0,0,22,2,3582,0
11.78,0,0,22,2,843,0
77.59,1,0,19,1,2430,0
101.25,1,0,17,0,3629,0
20.98,1,0,22,2,254,0
8.43,0,0,8,0,1624,0
10.29,0,0,22,0,1428,0
19.62,0,1,0,0,95,0
111.04,0,0,19,1,1538,0
27.44,0,1,8,0,925,0
17.6,0,1,7,1,1118,0
16.78,0,0,16,0,776,0
10.74,0,0,4,1,1897,0
50.01,0,1,23,0,1454,0
25.42,0,0,17,0,2686,0
117.91,1,0,0,0,1290,0
42.09,0,0,20,2,2523,0
48.47,0,0,2,0,1925,0
22.89,0,0,19,0,1283,0
12.63,0,0,19,2,3005,0
14.71,0,1,15,0,2688,0
10.4,1,0,14,2,1919,0
51.28,0,1,19,0,1949,0
20.71,0,1,20,0,2787,0
52.81,0,0,16,1,2808,0
29.82,0,1,4,0,2599,0
22.09,0,0,15,1,415,0
11.96,0,0,4,0,839,0
33.49,0,1,1,0,1477,0
23.27,0,1,3,0,2099,0
50.98,0,0,11,0,1440,0
16.43,0,1,23,1,3024,0
41.73,0,0,0,3,1284,0
85.51,0,1,1,0,1986,0
32.81,0,0,2,3,2547,0
46.98,0,0,4,0,1377,0
40.46,0,1,12,0,2033,0
102.38,0,0,19,0,2652,0
35.17,0,0,1,2,1408,0
44.26,1,1,19,1,3543,0
26.43,0,1,21,0,1957,0
15.77,0,0,1,0,2870,0
11.64,0,0,10,2,2571,0
65.81,0,0,19,1,2972,0
13.39,0,0,16,2,2464,0
45.7,0,0,4,1,1966,0
36.28,0,0,3,1,2776,0
51.54,0,0,10,0,1703,0
18.91,0,1,20,1,3107,0
15.59,0,1,22,0,1831,0
35.33,0,0,11,1,2698,0
22.1,0,0,12,1,754,0
11.45,0,1,13,0,657,0
105.32,1,1,11,1,2061,0
15.58,0,0,15,0,3090,0
13.52,0,0,6,0,2678,0
22.89,1,0,12,1,1211,0
65.17,0,0,14,0,3124,0
5.95,0,0,13,1,2430,0
61.49,0,0,23,0,2030,0
14.32,0,1,17,0,3617,0
32.63,0,1,17,0,2843,0
16.89,1,0,19,0,1075,0
109.33,0,0,12,1,237,0
29.58,0,0,7,0,986,0
16.52,0,0,12,0,644,0
21.96,0,0,22,1,664,0
28.87,1,1,21,0,1907,0
30.7,1,0,8,1,3591,0
36.86,0,1,11,0,2369,0
27.09,0,0,6,0,1558,0
10.34,0,0,0,0,905,0
21.37,1,1,7,1,2861,0
41.46,0,1,2,0,2002,0
16.96,0,0,8,1,179,0
43.42,0,1,1,1,1701,0
27.72,1,0,7,0,658,0
23.28,0,1,17,1,1817,0
62.55,1,0,20,2,230,1
8.03,0,0,21,0,779,0
16.9,0,0,13,2,2977,0
64.24,0,1,13,0,616,0
97.62,0,1,23,1,388,0
134.32,0,0,13,1,806,0
28.09,0,1,2,0,3369,0
37.36,1,0,22,2,3460,0
48.05,1,0,14,0,2422,0
66.19,0,0,15,1,2848,0
33.76,0,0,2,1,3319,0
51.85,0,0,11,1,1079,0
37.41,0,0,11,0,1492,0
39.08,0,0,19,1,101,0
14.26,0,0,9,0,1918,0
21.53,0,0,8,0,3379,0
18.8,0,0,16,0,100,0
11.8,0,0,0,0,2596,0
8.53,0,0,17,0,1700,0
20.16,1,0,0,0,3522,0
22.54,0,1,5,0,2156,0
29.18,1,1,11,0,1479,0
40.01,0,0,4,1,367,0
30.93,0,1,0,1,2047,0
22.65,0,0,10,0,3581,0
14.29,0,1,16,0,46,0
50.1,0,0,5,0,16,0
25.25,1,0,6,1,3249,0
20.01,0,0,16,0,976,0
23.8,0,1,22,0,2218,0
16.23,0,0,12,1,2247,0
18.7,0,0,13,1,1752,0
18.29,0,0,19,0,1816,0
22.17,0,1,1,0,2511,1
42.91,0,0,23,0,873,0
36.05,0,0,11,2,655,0
80.06,0,0,9,1,3601,0
63.32,1,1,14,0,31,0
106.64,0,0,21,2,689,0
40.1,1,0,22,1,2662,0
39.65,0,0,18,2,2074,0
19.28,0,0,11,1,1176,0
48.34,0,0,3,2,422,0
17.13,1,0,4,2,1339,0
9.69,0,0,20,1,204,0
78.92,0,0,3,0,2020,0
11.31,1,0,11,0,1780,0
36.86,1,0,9,2,3357,0
14.64,0,1,17,0,2937,0
59.66,0,0,8,1,1714,0
65.63,0,0,16,0,1939,0
39.27,0,0,12,3,2516,0
64.87,0,1,21,0,1071,0
27.25,0,1,4,0,2193,0
129.53,0,1,18,1,61,0
45.71,0,0,17,1,3426,0
14.43,0,0,19,0,3432,0
28.47,0,0,11,2,3246,0
24.37,0,1,7,0,773,0
22.75,0,0,12,0,2876,0
8.5,0,0,23,0,2097,0
35.55,0,0,4,1,3589,0
10.28,1,1,15,0,56,0
4.63,0,0,5,2,1450,0
21.31,0,1,18,1,354,0
15.97,1,0,10,0,3453,0
14.83,0,1,20,1,621,0
3.09,0,0,3,3,141,0
14.95,1,0,2,0,409,0
24.01,1,1,22,3,3522,1
17.39,0,0,8,1,1937,0
35.56,1,0,2,0,393,0
71.87,0,0,20,1,1449,0
38.92,0,0,9,1,1553,0
55.62,0,0,22,2,2924,0
58.93,0,0,10,2,801,0
13.29,0,0,18,2,424,0
36.87,0,0,13,0,2736,0
54.41,0,0,11,1,1573,0
19.98,0,0,11,1,452,0
15.59,0,0,6,0,1563,0
39.3,0,0,17,1,1555,0
9.61,0,1,12,1,842,0
12.66,0,1,0,1,732,0
17.0,0,0,9,2,350,0
37.16,0,1,9,0,3067,0
31.6,1,0,21,2,38,1
55.85,1,0,10,0,1854,0
14.22,0,0,13,2,68,0
13.7,0,0,1,1,2934,0
39.12,0,0,9,2,1454,0
15.5,0,0,6,0,3581,0
17.77,0,0,11,0,198,0
7.39,0,0,21,0,1211,0
33.23,1,0,22,2,1440,0
79.75,0,0,6,0,250,0
13.19,0,0,14,0,1596,0
55.43,0,1,22,1,1675,0
26.01,0,0,5,0,1625,0
7.88,0,0,10,2,1946,0
14.49,0,0,12,0,699,0
13.88,0,1,0,0,871,0
21.72,0,0,11,3,1820,0
36.37,0,0,2,0,2350,0
98.91,0,1,7,1,1431,0
9.96,0,0,2,0,1667,0
19.31,0,1,17,1,3611,0
14.48,0,0,20,0,2357,0
11.16,0,1,6,0,165,0
28.99,0,0,0,0,1316,0
27.14,0,0,11,2,196,0
7.62,1,0,2,0,3194,0
27.46,0,0,10,1,3009,0
11.66,0,0,13,1,1700,0
27.34,0,1,11,1,970,0
65.93,0,1,12,1,2624,0
37.49,0,1,13,0,670,0
30.7,0,0,3,0,2811,0
18.73,1,1,16,2,3191,0
28.41,1,0,16,0,656,0
40.22,0,0,3,1,1944,0
37.52,0,0,10,2,564,0
25.29,0,0,6,1,2247,0
31.57,0,0,9,0,2463,0
10.79,0,0,18,1,29,0
16.22,0,0,14,0,3448,0
44.49,0,0,21,1,951,0
48.88,0,0,13,1,1691,0
28.95,0,1,1,1,946,0
76.35,0,0,17,1,3304,0
38.69,0,1,1,1,2777,0
23.03,0,0,8,0,3612,0
11.54,0,1,22,0,1407,0
74.23,0,1,23,1,2053,0
46.49,0,1,3,0,2107,0
95.47,0,0,23,0,839,0
123.57,0,0,23,5,3401,0
11.01,0,0,21,0,3154,0
11.03,1,0,19,0,3594,0
3.65,0,1,1,0,1668,0
51.57,0,0,2,2,464,0
42.93,0,0,14,2,579,0
29.03,0,1,2,0,2028,0
11.49,0,0,6,2,2987,0
25.47,1,0,23,0,2551,0
30.85,0,0,21,2,2673,0
46.89,0,0,6,1,2854,0
32.82,0,0,12,2,3076,0
43.15,0,0,12,2,3358,0
24.86,0,1,6,1,1325,0
61.99,0,1,5,0,2658,0
42.19,0,0,10,1,1016,0
11.81,1,0,14,1,2518,0
71.7,0,1,19,0,202,0
63.94,1,0,20,0,197,0
37.56,1,0,0,1,729,0
33.0,1,0,15,1,1988,0
86.58,1,1,14,0,3323,0
8.64,0,0,1,0,2185,0
64.64,0,0,20,0,2048,0
19.43,0,1,14,2,2542,0
58.36,0,1,17,0,3235,0
29.5,0,0,15,1,2129,0
11.36,0,0,8,0,2693,0
19.15,1,1,4,0,1494,0
55.43,0,0,9,1,3632,0
23.4,0,1,18,1,1779,0
17.55,0,0,15,0,3259,0
17.47,0,0,15,1,3530,0
42.5,0,1,3,0,3221,0
92.34,0,0,0,0,1201,0
6.06,0,0,16,1,1362,0
192.57,0,0,22,1,2863,0
31.27,0,1,8,0,3389,0
40.7,0,0,10,0,2217,0
19.98,0,1,22,0,2837,0
27.05,0,0,5,0,1619,0
31.02,1,0,12,1,3128,0
13.01,0,1,2,1,1512,0
15.43,1,1,6,1,2269,0
62.13,0,1,8,1,1960,0
9.15,0,0,16,1,3052,0
36.92,1,0,7,2,2919,0
20.92,0,0,11,0,3063,0
13.84,0,0,7,1,445,0
107.81,0,0,3,0,896,0
13.9,0,0,19,0,3323,0
12.29,0,0,16,0,475,0
23.79,0,0,15,1,2825,0
15.83,0,0,13,1,2315,0
27.23,1,0,3,2,1273,0
30.23,1,0,12,1,138,0
31.95,0,0,16,0,37,0
24.86,0,0,11,3,3256,0
16.58,0,1,17,0,384,0
42.54,0,0,7,0,2718,0
25.07,1,1,12,0,527,0
19.16,0,0,9,0,1448,0
76.4,0,1,23,1,378,0
24.91,0,0,4,0,2325,0
58.23,0,1,6,0,375,0
63.99,0,1,16,0,2285,0
66.78,0,0,1,1,3504,0
43.98,0,0,12,0,2707,0
27.1,0,0,0,0,2403,0
25.92,0,0,12,0,3307,0
22.85,0,1,7,0,2995,0
5.95,1,1,4,1,2675,0
44.84,0,0,11,0,2054,0
32.17,0,0,7,0,1423,0
48.32,0,0,1,0,2261,0
24.98,0,0,12,2,389,0
43.18,0,0,13,1,3215,0
10.34,1,0,15,0,3230,0
11.96,1,1,21,0,956,0
4.79,0,0,16,2,2763,0
24.68,0,1,19,1,2535,0
15.79,0,0,15,0,3116,0
14.41,1,0,16,0,3282,0
34.27,0,0,19,0,2714,0
20.13,1,0,15,0,3417,0
9.94,1,0,12,1,1186,0
160.99,0,1,17,0,1620,0
26.42,0,0,23,0,543,0
12.7,1,0,11,0,3126,0
16.96,0,0,5,0,1012,0
24.02,0,0,9,0,1839,0
23.98,0,0,0,0,594,0
67.46,0,0,7,0,941,0
25.65,0,0,21,0,2463,0
99.35,1,1,2,2,916,0
20.03,0,0,21,1,1881,0
36.54,0,0,13,1,1648,0
55.44,0,0,7,1,2243,0
62.59,1,0,11,0,941,0
67.92,0,0,21,0,1769,0
22.41,0,0,2,2,109,0
27.01,0,1,13,2,1891,0
4.78,1,0,6,2,385,0
23.64,0,0,12,1,2658,0
58.2,0,0,18,2,3099,0
50.79,0,0,22,0,1465,0
25.52,0,1,6,0,3221,0
89.07,0,0,15,0,1432,0
20.72,0,1,10,0,3186,0
16.42,0,0,12,2,1897,0
19.54,0,0,3,0,2021,0
12.36,0,0,20,3,1491,0
41.92,0,0,4,1,3413,0
33.18,0,0,0,0,2578,0
41.55,0,1,18,1,1821,0
20.29,1,0,9,0,2904,0
26.03,0,0,1,2,1688,0
5.9,0,0,16,0,3198,0
35.28,1,0,6,0,1731,0
29.05,0,0,23,2,2956,0
12.55,0,0,23,0,927,0
25.2,0,0,13,0,2067,0
22.64,1,1,11,0,2239,0
93.23,1,1,10,1,1924,0
12.9,0,0,14,0,1638,0
34.19,0,0,21,1,4,0
12.63,1,0,15,0,3557,0
18.35,0,0,2,0,787,0
32.91,0,1,4,2,627,0
23.38,0,1,15,0,2960,0
27.0,0,1,8,1,279,0
34.22,0,0,11,2,2786,0
19.19,0,0,9,2,1281,0
50.35,0,1,14,0,2628,0
21.89,0,0,5,2,786,0
25.32,0,0,1,0,2565,0
34.92,1,0,5,1,3620,0
31.78,1,0,16,0,1840,0
42.56,0,0,14,0,2038,0
33.85,1,0,19,1,2237,0
37.65,1,0,2,0,1312,0
21.59,0,1,3,0,2010,0
12.83,0,1,3,1,2346,0
9.98,0,1,13,0,90,0
8.42,0,1,13,0,1653,0
93.12,0,0,3,1,1923,0
5.76,1,1,10,0,762,0
62.53,0,0,1,2,1718,0
15.26,1,1,14,4,1439,0
62.21,0,1,13,0,2022,0
5.8,0,0,0,0,1045,0
23.0,1,0,2,1,3277,0
75.02,0,0,16,1,2327,0
44.67,0,0,21,2,2287,0
21.41,0,0,20,2,2980,0
6.96,0,0,13,1,77,0
10.74,0,0,12,0,958,0
71.69,0,0,19,0,659,0
21.25,0,1,20,0,2267,0
25.78,0,0,21,0,1249,0
33.06,0,1,9,1,2585,0
10.89,0,0,11,0,3438,0
36.06,0,0,1,0,1350,0
20.21,0,0,4,0,1206,0
33.3,0,1,9,0,1779,0
18.09,1,0,19,1,1785,0
9.01,1,0,10,2,1309,0
20.1,0,0,14,2,1263,0
42.46,0,0,20,0,1361,0
35.72,0,0,11,0,1778,0
27.71,0,0,8,0,1628,0
50.84,0,0,17,0,1666,0
23.51,1,1,7,1,1078,0
28.2,0,0,9,0,2312,0
19.38,1,0,21,0,1782,0
52.97,0,0,10,0,836,0
33.25,0,1,6,1,2745,0
18.36,0,0,20,0,3214,0
9.56,0,0,15,0,1439,0
58.76,0,0,18,1,1907,0
16.11,0,1,7,2,3450,0
28.52,0,0,18,0,1152,0
140.73,1,1,22,1,795,0
47.52,0,1,3,2,1263,0
83.75,1,0,4,0,1640,0
18.6,0,0,13,1,1619,0
57.38,0,0,17,0,2196,0
27.62,0,0,0,1,1009,0
35.03,0,0,13,2,1982,0
111.56,0,0,3,0,392,0
22.31,0,0,23,0,3456,0
27.48,0,0,17,1,1075,0
14.41,1,0,23,0,1183,0
50.5,0,0,5,1,588,0
18.31,0,0,19,0,1378,0
55.47,0,0,9,1,3556,0
8.54,0,0,2,1,2174,0
39.81,0,1,11,1,2434,0
17.28,0,0,11,0,2176,0
45.21,1,0,12,1,1219,0
26.86,1,1,20,0,2874,0
18.64,0,0,6,1,1251,0
20.68,1,0,15,1,2899,0
14.95,0,0,4,0,3598,0
48.74,0,0,21,0,39,0
13.01,0,0,10,0,610,0
22.49,1,1,19,2,2789,0
34.52,0,0,6,0,442,0
83.88,0,0,7,0,2620,0
26.94,0,1,23,0,898,0
22.88,0,0,4,0,2138,0
32.84,1,1,13,0,2380,0
6.35,0,1,7,0,1157,0
11.72,0,0,9,0,3130,0
20.85,1,0,16,1,3310,0
16.46,0,0,18,0,797,0
8.84,1,0,11,0,2694,0
49.42,1,0,15,1,2456,0
32.52,0,0,1,0,939,0
29.91,0,0,5,2,2978,0
16.68,1,0,17,0,1114,0
28.66,1,0,15,1,934,0
38.87,0,1,1,0,2593,0
22.52,0,0,21,1,435,0
37.01,0,1,9,3,3349,0
15.53,0,0,7,1,1403,0
29.03,0,1,11,1,1790,0
60.33,0,0,9,0,2479,0
64.23,0,1,12,2,3209,0
68.67,0,0,3,1,2810,0
33.11,1,1,3,1,1394,0
27.72,0,0,23,0,2737,0
19.8,0,0,17,0,1442,0
7.65,0,0,8,4,1885,0
10.58,0,0,20,0,2503,0
24.1,1,0,19,0,2009,0
25.13,0,0,16,0,184,0
72.86,0,0,17,1,162,0
68.06,1,1,22,1,507,0
16.77,0,0,20,0,305,0
48.08,0,0,6,1,2658,0
19.42,0,1,17,0,701,0
43.72,0,0,3,1,883,0
47.67,0,0,12,0,1147,0
64.68,0,0,1,0,639,0
19.2,0,0,4,1,3167,0
55.15,0,0,17,0,325,0
7.31,0,1,8,0,699,0
67.18,0,1,3,2,820,0
26.64,0,1,23,2,307,0
27.04,0,0,22,3,914,0
6.51,1,1,5,0,679,0
20.65,1,0,14,0,1245,0
70.02,0,0,7,0,559,0
20.11,0,0,19,1,3424,0
44.68,0,1,16,2,2870,0
27.78,0,1,10,1,2352,0
57.05,0,0,22,0,2164,0
31.0,0,1,17,1,2530,0
14.12,0,0,3,0,3435,0
28.21,0,0,10,3,484,0
83.17,0,0,19,0,1939,0
38.41,1,0,12,0,703,0
24.99,0,0,2,0,1651,0
131.5,0,0,18,1,3280,0
61.04,0,1,11,1,2304,0
48.02,0,0,5,1,2315,0
33.86,0,1,19,0,350,0
45.2,0,0,21,0,2955,0
46.24,0,0,14,2,2608,0
5.88,0,1,17,0,1304,0
35.75,0,0,5,1,1217,0
24.23,0,0,17,0,2106,0
19.11,0,0,21,4,2768,0
23.65,1,1,5,0,1833,0
9.12,0,0,22,0,3126,0
7.67,0,1,2,0,749,0
64.88,0,1,10,0,2518,0
37.47,0,0,1,0,3010,0
5.01,0,0,10,1,2580,0
18.11,0,0,15,2,1218,0
50.22,0,0,20,0,1692,0
22.29,0,0,3,1,1704,0
64.81,1,0,21,0,1126,0
56.53,0,0,23,1,485,0
10.49,1,1,1,2,681,0
24.52,1,0,23,1,2330,0
19.81,1,0,21,0,820,0
10.25,0,0,0,0,2887,0
9.8,1,0,1,1,2892,0
15.42,0,0,17,2,1497,0
17.31,1,1,10,1,1331,0
33.06,0,0,6,1,3570,0
56.31,0,0,9,2,46,0
38.84,0,1,8,1,940,0
45.84,0,0,23,0,2521,0
22.5,0,1,5,0,3186,0
41.35,0,0,2,1,1675,0
24.44,0,1,19,0,2632,0
19.9,0,1,20,1,794,0
102.31,0,1,21,0,3384,0
5.31,0,0,23,3,2126,0
7.31,0,0,0,0,2703,0
35.44,0,1,18,0,643,0
22.52,0,0,6,3,1806,0
9.92,0,0,10,0,2657,0
12.96,0,0,10,1,1509,0
14.2,0,0,23,1,3505,0
50.63,1,0,12,1,3027,0
63.35,0,0,5,1,470,0
85.43,0,0,2,0,3067,0
8.91,0,0,14,0,1397,0
10.41,1,0,19,0,2149,0
9.93,0,0,17,0,1491,0
66.83,0,1,22,0,2562,0
36.31,0,0,1,0,1567,0
28.68,0,0,9,0,1689,0
31.84,0,1,14,0,2126,0
26.06,1,0,20,1,797,0
12.37,1,0,7,0,1557,0
38.83,0,0,16,0,182,0
23.8,0,0,4,0,213,0
11.7,0,0,14,2,2386,0
40.53,1,0,18,0,1015,0
20.12,1,1,19,0,2442,0
31.79,0,0,10,0,2773,0
24.84,0,0,11,2,2428,0
50.6,0,0,21,2,1536,0
31.63,0,0,13,2,2052,0
14.61,0,0,8,1,2857,0
33.97,0,1,6,0,1249,0
34.75,0,1,17,1,1523,0
38.78,0,0,17,0,883,0
55.99,1,0,12,0,733,0
17.62,0,0,3,2,239,0
43.27,0,0,3,1,258,0
8.11,0,0,5,1,540,0
24.93,0,0,0,0,2806,0
22.37,0,0,11,1,2293,0
74.7,1,0,9,1,321,0
24.3,0,0,9,1,2803,0
41.5,0,0,22,1,2738,0
7.9,0,0,5,0,3312,0
21.2,0,0,19,2,3535,0
14.99,1,0,4,1,306,0
153.37,0,0,14,1,1910,0
17.0,0,0,20,1,2971,0
28.54,0,0,20,4,873,0
29.62,1,1,14,1,2180,0
8.91,0,0,4,1,331,0
18.76,0,0,9,0,1099,0
35.99,0,0,10,1,3576,0
28.79,0,0,20,1,2649,0
5.42,0,0,9,1,953,0
18.23,1,0,19,0,3611,0
55.4,0,0,22,1,739,0
40.93,0,1,2,0,1384,0
63.6,0,1,22,2,1621,0
13.6,0,0,13,0,2290,0
66.46,0,0,14,0,957,0
26.28,0,1,7,1,952,0
82.65,0,0,8,1,2448,0
27.18,0,1,12,2,748,0
6.47,1,1,4,1,519,0
49.13,0,0,17,1,544,0
19.88,0,0,16,2,1197,0
20.84,0,0,0,1,117,0
9.8,0,1,5,0,128,0
84.4,0,0,12,1,2641,0
18.83,0,0,17,0,1975,0
81.66,1,0,7,0,532,0
20.05,0,1,21,0,931,0
14.16,0,1,12,0,2468,0
68.28,0,0,12,0,2927,0
25.76,0,0,2,0,3174,0
25.93,0,0,15,1,793,0
11.05,0,1,19,1,3090,0
19.68,0,0,5,0,1557,0
36.6,1,0,13,0,1091,0
10.92,0,1,0,0,2106,0
18.59,0,0,5,1,454,0
20.2,0,0,1,0,1691,0
28.4,0,1,18,0,1617,0
76.38,1,0,23,1,2174,0
21.98,0,1,0,0,661,0
16.72,0,0,16,0,226,0
185.39,0,0,14,2,1363,0
20.02,0,0,16,0,3589,0
23.73,0,0,12,0,2076,0
21.1,1,0,23,1,1999,0
22.34,0,0,0,2,2351,0
28.63,0,0,3,1,1854,0
51.65,0,0,5,0,796,0
35.97,0,0,18,0,3595,0
57.63,0,0,1,0,829,0
56.31,0,0,2,0,2336,0
31.37,0,0,17,1,3160,0
35.28,0,0,10,1,2402,0
58.92,1,0,16,0,3448,0
12.46,0,0,8,0,649,0
155.83,0,0,2,1,2344,0
18.94,0,0,14,0,336,0
21.21,0,1,2,2,2032,0
11.61,0,0,11,1,669,0
11.85,0,1,21,2,2401,0
53.61,0,0,4,0,1191,0
132.84,0,0,4,1,469,0
18.23,0,0,22,0,3160,0
34.57,1,0,7,1,3274,0
31.63,0,0,8,1,622,0
54.61,0,0,16,1,761,0
128.14,0,0,3,0,138,0
78.62,0,0,1,3,2444,0
22.94,0,0,20,0,3261,0
39.26,0,0,22,1,810,0
42.08,0,0,23,0,1647,0
26.73,0,1,0,0,2576,0
12.59,0,0,12,0,1615,0
15.5,0,0,20,1,2750,0
60.56,0,0,20,1,2752,0
65.1,0,0,8,0,2704,0
23.45,0,0,11,1,2608,0
32.55,0,1,3,0,1564,0
62.68,0,0,3,2,1436,0
8.22,0,0,9,0,2215,0
19.84,0,0,5,1,391,0
111.33,1,0,23,0,2182,0
33.43,0,0,1,0,118,0
12.3,0,1,12,0,2629,0
29.43,0,0,13,2,2209,0
55.42,0,0,1,2,1821,0
4.56,0,0,10,2,1105,0
30.67,0,0,22,0,1851,0
20.89,1,0,2,2,2319,0
8.59,1,0,3,0,2498,1
28.71,1,0,3,1,3368,0
24.64,0,0,1,2,621,0
26.66,0,0,21,1,160,0
21.25,0,0,1,0,2381,0
13.26,0,0,6,0,594,0
9.79,0,0,19,0,541,0
16.72,0,1,23,2,1002,0
49.48,0,0,3,2,2645,0
31.92,0,0,8,0,228,0
25.83,0,1,4,1,1419,1
13.09,0,0,4,1,385,0
20.87,0,1,22,1,3064,0
45.42,0,0,8,0,2781,0
38.6,0,1,14,1,322,0
19.41,0,0,3,0,999,0
4.36,1,0,6,0,1680,0
16.9,0,1,8,1,1668,0
19.34,0,0,14,1,610,0
14.37,0,0,21,2,1703,0
20.3,1,0,5,1,3171,0
48.02,0,0,15,1,806,0
26.41,0,0,11,1,457,0
54.21,0,0,19,0,1408,0
9.43,0,0,8,0,1770,0
21.9,0,1,10,0,1039,0
6.98,0,1,14,0,384,0
20.11,0,1,10,1,311,0
13.04,0,0,18,0,2911,0
66.48,0,0,0,0,480,0
36.12,0,0,8,1,1029,0
55.17,0,0,4,1,2782,0
20.07,0,0,3,1,2168,0
13.28,0,1,1,1,90,0
12.99,0,0,8,0,621,0
32.65,0,0,5,2,1719,0
96.27,1,0,18,0,1283,0
36.19,0,0,12,1,3609,0
20.86,0,0,18,1,414,0
23.76,0,0,21,0,96,0
26.53,0,1,18,0,2010,0
112.02,0,0,10,1,3500,0
64.3,0,0,23,0,12,0
32.52,0,0,9,1,3025,0
29.28,0,1,19,1,3624,0
33.43,0,1,4,1,1519,0
38.32,1,0,23,2,1519,0
20.3,0,0,7,1,3622,0
15.02,1,0,15,0,2297,0
55.84,0,1,8,0,1995,0
27.53,0,1,5,1,1046,0
52.67,0,0,7,2,3400,0
85.83,0,0,14,0,924,0
39.03,0,0,2,1,1433,0
34.85,0,0,4,0,3088,0
254.72,0,0,22,0,1863,0
31.34,0,0,2,2,2767,0
12.64,0,0,17,0,3631,0
22.27,0,0,7,1,2348,0
80.33,0,0,7,1,593,0
10.96,0,0,8,3,2745,0
16.01,0,0,9,1,2189,0
58.82,0,0,17,1,639,0
22.42,1,0,19,0,404,0
25.1,0,0,8,1,3409,0
57.48,0,1,4,0,386,0
16.42,0,0,0,0,1659,0
9.7,0,0,17,0,3595,0
10.26,0,0,22,0,3170,0
40.74,0,0,0,1,3062,0
32.5,1,0,14,2,2686,0
16.7,0,0,5,1,1741,0
12.05,0,0,5,1,1043,0
22.43,0,0,19,0,3274,0
59.24,0,1,6,0,2078,0
15.1,1,0,7,1,1444,0
17.05,0,0,2,0,3528,0
11.78,1,0,21,1,1350,0
20.96,0,0,21,1,135,0
34.35,0,1,21,0,2193,0
119.18,0,0,5,0,1556,0
31.58,0,0,4,0,2272,0
26.11,0,0,22,2,2264,0
49.6,0,0,14,1,2299,0
44.14,0,0,6,0,1240,0
18.1,0,0,1,0,920,0
135.84,0,1,19,1,1160,0
26.65,0,0,19,1,3522,0
31.99,0,0,0,2,2732,0
39.88,0,1,11,0,1432,0
34.54,0,1,11,1,3344,0
78.87,0,0,11,0,2791,0
17.94,0,0,8,1,1962,0
46.92,0,1,7,1,2920,0
30.42,1,0,8,0,3460,0
53.94,0,0,22,1,2073,0
23.32,0,0,23,0,369,0
21.22,0,1,2,0,1572,0
45.26,0,0,17,0,830,0
34.83,0,0,13,0,2552,0
15.27,0,0,6,1,320,0
69.54,0,0,4,1,1707,0
45.28,1,0,18,0,1589,0
25.74,1,0,8,1,1408,0
19.54,0,0,3,0,2287,0
34.98,0,0,23,0,1991,0
43.05,1,1,22,0,731,0
8.88,0,0,10,0,2920,0
35.27,0,0,10,1,1637,0
42.81,1,0,10,0,573,0
5.22,0,0,4,1,2498,0
31.1,0,0,2,0,1433,0
44.09,1,0,6,1,2334,0
40.72,0,1,9,0,2754,0
47.55,1,0,3,0,2296,0
21.56,0,0,0,1,3434,0
13.09,0,0,22,1,2212,0
7.69,0,1,21,1,1390,0
58.24,0,0,7,0,3601,0
44.35,1,1,14,1,1878,0
61.43,0,0,3,1,2605,0
16.32,0,0,22,2,1208,0
47.59,0,0,19,1,3313,0
9.47,0,0,4,1,3430,0
14.75,1,1,5,2,3473,0
29.61,1,0,7,0,1416,0
43.13,0,0,2,0,3137,0
87.82,1,0,8,0,2453,0
22.92,0,0,16,1,347,0
14.79,1,0,17,0,3347,0
14.27,0,0,0,2,1931,0
16.75,0,1,8,0,1943,0
128.34,0,0,19,0,1392,0
46.05,0,0,20,0,3113,0
59.07,1,0,13,0,354,0
22.94,0,0,17,0,1403,0
27.08,1,0,5,1,2059,0
44.23,0,0,20,0,715,0
19.03,0,0,11,1,776,0
22.11,0,0,16,0,2247,0
16.91,0,1,6,0,2123,0
19.82,1,1,4,0,2985,0
28.06,0,0,12,1,2983,0
15.25,0,1,12,0,65,0
33.12,0,1,13,2,1437,0
33.09,1,1,19,1,3091,0
23.92,1,0,18,0,3466,0
15.19,1,0,7,1,346,0
29.18,0,0,11,0,2797,0
19.04,1,0,2,1,847,0
28.01,0,0,18,0,2935,0
58.48,1,0,3,0,1628,0
11.28,0,1,1,1,409,0
124.14,0,1,12,1,745,0
25.77,0,0,22,1,3437,0
36.17,0,1,9,0,2802,0
16.01,0,1,4,0,126,0
60.31,0,0,4,0,3460,0
24.83,0,1,20,0,3080,0
20.58,1,0,15,0,1990,0
18.12,0,0,11,1,108,0
22.47,0,1,22,0,1587,0
36.34,0,0,2,3,592,0
30.6,0,0,14,0,1334,0
26.37,0,1,8,4,1151,0
16.48,0,0,5,1,2602,0
15.82,0,0,22,0,2692,0
19.64,0,0,22,2,630,0
37.42,0,0,20,0,3282,0
43.1,0,0,3,1,2446,0
47.37,0,0,17,1,2432,0
27.08,0,1,8,0,2833,0
35.46,0,0,9,2,2656,0
24.1,0,0,4,0,2879,0
8.01,0,0,14,0,1057,0
23.31,1,0,20,0,2506,0
20.85,0,0,5,1,3560,0
13.1,0,0,12,2,2753,0
18.23,1,0,15,0,1488,0
29.8,0,0,15,1,2307,0
12.26,0,0,6,1,3332,0
16.48,0,0,0,0,2392,0
80.12,0,0,19,0,2844,0
8.83,0,0,14,0,3248,0
23.85,0,0,16,1,1340,0
11.98,1,0,12,0,1223,0
16.02,0,1,9,1,1252,0
23.61,0,0,6,3,1346,0
13.58,1,0,15,0,2480,0
40.52,0,0,19,0,1773,0
69.81,0,0,7,0,3432,0
48.87,1,0,0,1,2505,0
55.55,0,0,3,1,2454,0
10.32,0,0,13,0,3467,0
22.87,0,0,5,1,3129,0
37.61,0,0,19,0,118,0
49.89,0,1,6,2,3526,0
92.51,0,0,11,1,3218,0
57.3,0,0,5,1,1204,0
50.78,0,1,10,1,859,0
171.32,1,0,16,0,1965,0
29.0,0,0,19,1,3647,0
22.15,1,0,17,1,2223,0
30.7,0,1,12,0,2113,0
14.29,1,0,10,0,792,0
28.43,1,1,7,1,3276,0
8.09,0,0,23,0,2911,0
18.72,0,0,17,0,208,0
25.01,0,0,21,0,955,0
52.71,0,0,17,2,3216,0
59.01,0,0,2,1,2580,0
13.81,0,0,6,2,1472,0
115.96,1,0,11,1,1911,0
30.08,1,0,7,0,460,0
32.07,0,1,21,0,3053,0
8.74,0,0,11,0,2303,0
17.57,0,0,5,0,1867,0
56.54,0,0,14,0,2233,0
30.53,1,0,9,0,2141,0
29.24,0,0,3,0,1584,0
31.79,0,0,22,0,660,0
9.87,0,0,22,0,1754,0
25.34,0,0,18,1,2949,0
72.66,1,0,7,0,195,0
58.01,0,0,19,0,1467,0
24.84,0,0,6,0,2996,0
81.01,0,0,21,0,2116,0
11.23,0,0,21,0,90,0
13.73,0,0,4,0,3088,0
99.94,0,0,7,0,195,0
40.63,0,0,16,1,1749,0
22.15,0,0,5,0,416,0
26.08,1,1,19,0,1001,0
15.42,1,1,16,2,1436,0
32.9,0,1,5,1,968,0
31.13,0,1,18,0,3196,0
27.49,1,1,1,1,2067,0
12.04,0,0,9,1,1318,0
32.63,1,0,4,0,1062,0
18.72,0,0,0,0,1816,0
13.6,0,0,17,0,1235,0
65.81,0,0,3,1,2943,0
123.82,1,1,16,0,857,0
105.62,0,0,1,0,2517,0
42.74,0,0,21,2,1628,0
22.51,1,0,23,0,962,0
25.81,1,0,7,0,1701,0
36.01,0,0,11,0,436,0
20.2,0,0,14,0,1919,0
68.25,0,0,14,0,2617,0
6.52,0,0,0,1,2163,0
22.04,0,0,23,0,55,0
47.5,0,0,22,1,2145,0
15.01,1,0,11,0,93,0
22.92,1,0,13,2,1340,0
41.08,1,0,4,1,2317,0
78.48,0,0,17,2,3287,0
10.96,0,1,12,2,3564,0
10.41,0,0,6,0,1867,0
13.98,0,0,7,0,778,0
9.24,0,0,1,2,3037,0
9.71,0,0,18,0,1298,0
13.72,0,0,1,0,2034,0
64.29,0,1,13,0,723,0
21.79,0,0,19,1,1352,0
27.71,0,1,1,1,1750,0
13.89,0,0,3,1,2696,0
42.24,0,1,18,0,3284,0
100.79,0,1,19,0,645,0
14.57,0,0,1,1,2041,0
90.68,0,0,6,0,3539,0
34.99,0,0,14,0,60,0
27.43,0,0,12,1,2088,0
35.88,0,0,12,1,2802,0
35.64,0,0,6,1,380,0
99.48,0,1,12,2,2438,0
39.02,0,0,1,0,1537,0
39.6,1,1,20,0,2194,0
20.19,0,0,13,4,2600,0
48.78,0,0,8,1,526,0
13.88,1,1,8,0,248,0
29.26,0,0,8,2,1154,0
204.04,0,0,10,0,954,0
4.7,0,1,4,2,1053,0
31.92,1,0,14,0,3373,0
32.79,0,0,4,2,2509,0
23.11,0,0,7,1,1300,0
23.5,0,0,20,0,2210,0
28.9,0,1,13,1,580,0
22.73,0,1,21,0,668,0
31.67,0,0,15,0,359,0
19.27,0,0,18,0,1556,0
111.68,0,1,2,0,2259,0
22.73,0,0,12,1,1856,0
40.4,1,0,8,1,2037,0
16.97,0,1,0,1,595,0
52.1,0,0,2,0,2364,0
45.31,0,0,4,0,2017,0
36.36,0,0,0,2,3496,0
13.21,0,0,10,0,901,0
16.01,0,0,1,0,219,0
88.26,0,0,19,1,1661,0
15.89,0,0,14,2,721,0
42.46,1,1,23,0,638,0
14.0,1,0,2,0,853,0
54.92,0,0,1,0,2481,0
16.77,0,0,20,2,1558,0
13.82,1,0,9,1,3190,0
16.47,0,0,18,0,441,0
18.4,0,0,4,0,3401,0
35.99,0,0,0,1,1496,0
28.46,0,0,11,0,1948,0
12.6,0,0,13,0,2979,0
26.59,0,1,2,0,1794,0
12.18,0,1,0,0,597,0
42.54,0,0,5,0,878,0
48.37,0,0,2,2,3345,0
26.66,0,0,23,3,254,0
32.79,0,0,23,1,3326,0
92.43,0,1,0,0,2464,0
24.28,0,0,10,1,1872,0
14.0,0,0,9,2,1153,0
40.67,0,0,0,0,3139,0
12.27,1,0,15,1,118,0
23.4,0,0,20,2,2596,1
17.83,1,0,14,2,765,0
16.59,0,1,22,0,1302,0
22.76,0,0,15,0,233,0
50.9,0,1,13,0,2050,0
58.79,1,0,22,1,538,0
51.85,0,0,16,0,425,0
34.31,0,1,18,0,1200,0
22.64,0,0,18,1,1809,0
5.2,0,0,0,1,3448,0
35.07,0,1,17,1,3029,0
5.5,1,1,17,2,1461,0
7.05,0,1,11,0,2136,0
24.21,1,0,13,0,2810,0
32.63,0,0,19,0,1394,0
19.77,1,0,3,1,2803,0
79.43,1,0,12,1,2421,0
37.47,0,0,18,3,2566,0
22.77,1,1,6,2,3565,1
71.55,1,0,6,2,1374,0
81.09,0,0,0,0,246,0
38.81,0,1,7,0,1957,0
15.76,0,1,8,1,1205,0
18.45,0,0,22,1,215,0
9.85,0,0,1,1,569,0
26.32,0,0,15,0,1947,0
13.0,0,0,1,1,3492,0
21.53,0,0,19,0,1235,0
32.54,0,0,11,0,1992,0
6.76,0,1,10,1,646,0
11.19,1,1,22,0,473,0
19.01,0,0,17,3,2855,0
26.13,0,0,2,1,2234,0
19.19,0,0,6,0,691,0
22.44,1,1,6,0,1826,0
16.54,0,1,14,0,2117,0
9.83,0,1,19,1,216,0
18.65,0,0,15,1,1095,0
23.35,0,0,9,0,3155,0
21.82,0,0,17,1,1324,0
29.32,0,0,18,0,2588,0
36.35,0,0,1,3,2209,0
43.69,0,0,13,2,19,0
17.4,1,0,17,0,3459,0
9.0,0,0,14,0,3502,0
66.03,1,1,5,0,2439,0
35.51,0,0,3,3,581,0
13.9,0,1,6,0,3082,0
32.93,0,0,8,0,0,0
57.26,0,0,22,0,1861,0
90.96,0,0,14,1,1559,0
32.31,0,0,20,0,2546,0
56.93,0,0,0,1,513,0
11.63,0,0,18,1,3195,0
26.44,0,1,4,1,2081,0
21.44,1,1,13,1,950,0
34.46,0,0,9,0,1136,0
83.75,0,0,20,0,2505,0
32.3,0,0,16,0,675,0
14.06,0,0,11,0,1083,0
11.2,1,0,12,1,3596,0
85.8,0,1,16,0,3211,0
38.85,1,1,17,2,1214,0
37.1,0,0,13,1,2028,0
21.31,0,0,17,0,1513,0
32.7,0,0,18,1,732,0
13.59,0,0,0,0,1073,0
35.55,0,0,8,2,394,0
11.91,0,0,21,1,3055,0
21.08,1,0,7,1,898,0
17.29,0,0,19,1,718,0
2.77,0,0,13,0,2328,0
21.27,0,0,6,1,465,0
14.45,0,0,8,0,3490,0
23.4,0,1,11,0,3217,0
27.15,0,1,2,2,1506,0
93.46,0,0,7,2,669,0
33.56,0,0,16,1,511,0
34.26,0,0,21,1,3131,0
38.36,1,1,22,1,1609,0
49.91,0,0,9,0,2110,0
37.26,1,0,19,2,452,0
33.02,0,0,9,1,3005,0
44.61,0,0,19,0,1889,0
4.96,1,0,21,0,256,0
117.02,0,0,10,0,277,0
82.5,0,0,14,0,3517,0
31.56,0,0,20,1,207,0
10.08,0,0,3,0,1094,0
63.26,0,1,5,0,46,0
16.68,0,1,15,1,213,0
39.4,1,0,4,0,2966,0
11.04,0,0,19,1,2791,0
128.83,0,0,6,1,1208,0
9.88,0,0,8,1,651,0
28.45,0,0,19,0,908,0
6.14,0,0,12,0,1281,0
26.34,0,0,18,2,2834,0
20.13,0,0,15,1,2170,0
60.1,0,0,12,2,1621,0
20.13,0,0,12,0,250,0
60.16,0,0,19,2,421,0
13.24,0,0,23,0,737,0
22.26,0,1,0,1,774,0
22.57,0,0,12,5,1785,0
38.36,0,0,18,1,3149,0
35.09,0,1,15,0,1539,0
44.95,0,0,11,0,1200,0
32.68,1,0,19,0,2035,1
43.07,0,0,11,0,277,0
14.46,0,1,3,1,2659,0
35.59,1,0,6,0,202,0
83.57,1,1,1,0,1288,0
8.36,0,1,16,1,3478,0
38.18,1,1,23,2,1476,0
43.54,0,0,9,0,2729,0
75.4,0,0,17,1,994,0
45.07,0,0,23,0,3110,0
29.08,1,0,9,1,1239,0
36.64,0,0,21,1,829,0
16.21,0,0,0,1,186,0
20.66,0,0,16,2,1118,0
10.64,0,0,3,0,2117,0
76.78,0,0,18,1,231,0
37.16,0,0,0,0,630,0
14.28,0,0,19,2,1266,0
32.78,0,0,9,0,2614,0
61.04,0,0,5,0,2178,0
54.32,0,0,13,1,154,0
14.16,0,0,23,0,133,0
3.02,1,0,3,0,218,0
35.76,0,1,7,1,1206,0
14.57,0,0,15,1,1039,0
41.91,0,0,2,1,426,0
52.73,1,1,22,2,1600,0
59.12,0,0,12,0,2158,0
91.96,0,0,23,1,2531,0
64.42,0,1,9,2,3633,0
92.27,0,1,19,0,2526,0
71.19,0,0,7,0,3598,0
75.67,0,0,10,1,3552,0
26.35,1,0,8,1,3090,0
11.0,1,1,13,1,1283,0
154.1,0,0,5,0,158,0
28.33,1,0,12,0,216,0
64.08,0,0,20,0,3177,0
18.45,0,1,3,0,3143,0
53.24,0,0,19,1,1129,0
4.9,0,1,20,0,2666,0
20.34,0,0,0,1,1658,0
25.31,0,0,16,0,248,0
37.48,0,0,11,0,2387,0
57.42,0,0,15,0,304,0
12.61,0,0,7,0,477,0
43.03,0,0,5,0,1739,0
63.99,0,0,6,0,255,0
140.07,0,0,3,2,1247,0
44.46,0,1,9,0,2748,0
19.66,0,0,20,2,2176,0
11.13,0,0,18,2,202,0
97.56,0,0,4,0,799,0
45.43,1,0,13,2,3626,0
26.7,1,0,1,1,3501,0
8.72,0,1,1,1,3354,0
14.13,0,0,15,1,1869,0
42.18,1,0,7,1,1571,0
34.73,0,1,16,0,2740,0
6.94,0,1,3,0,3492,0
42.22,0,1,2,0,459,0
9.04,1,0,17,2,3267,0
69.95,0,0,4,2,2251,0
31.37,0,0,1,0,514,0
19.6,1,0,18,0,3157,0
54.22,0,0,16,1,117,0
34.72,0,1,22,0,83,0
68.54,1,0,14,1,1342,0
28.68,0,1,11,3,1970,0
29.88,1,1,16,5,1561,0
22.21,1,0,19,0,900,0
32.59,0,0,15,0,2399,0
88.99,0,1,7,4,1746,0
19.07,0,0,21,1,437,0
42.67,1,1,16,1,2978,0
14.64,1,0,21,2,1128,0
6.38,1,0,13,1,2518,0
31.35,0,0,10,2,1281,0
35.14,0,0,20,1,2753,0
25.1,0,1,14,0,1029,0
9.51,0,0,18,0,772,0
33.55,0,0,21,2,270,0
32.67,1,0,6,3,3038,0
14.55,0,1,4,0,2633,0
10.51,0,0,3,1,2241,0
22.72,0,1,14,0,2217,0
42.82,0,0,19,2,252,0
36.29,0,1,23,2,1503,0
14.63,1,0,0,0,3148,0
29.84,1,1,0,0,1056,0
50.45,0,0,16,1,203,0
11.93,0,1,6,0,3063,0
28.34,0,0,11,0,105,0
69.25,0,0,1,1,2514,0
11.11,0,0,1,1,3043,0
60.88,0,0,12,2,2720,0
84.22,0,1,16,0,47,0
23.21,0,1,21,0,3271,0
21.33,0,1,11,0,322,0
55.88,0,0,15,1,3108,0
23.8,0,1,20,0,61,0
5.22,0,0,10,0,1791,0
25.3,1,1,5,3,3213,0
37.69,0,0,19,1,960,0
45.52,0,0,0,1,163,0
14.64,0,0,6,1,323,0
22.45,0,0,3,1,1360,0
53.72,0,0,15,0,1315,0
26.0,0,1,6,1,792,0
9.3,0,1,8,0,1668,0
64.48,1,0,15,0,1247,0
23.34,0,1,7,0,2155,0
58.2,0,0,8,0,1060,0
10.21,0,0,11,1,1147,0
24.91,1,0,2,4,3240,0
38.74,0,0,22,0,2864,0
25.51,1,0,23,1,2805,0
11.84,0,0,17,0,1385,0
5.1,0,0,2,1,3230,0
78.75,0,0,11,2,1244,0
32.25,0,1,8,0,2628,0
61.36,0,0,3,0,2742,0
51.94,0,1,21,0,1205,0
41.17,0,1,9,0,2246,0
21.65,0,1,15,1,678,0
38.2,0,0,16,1,1401,0
73.9,0,0,7,0,1933,0
28.73,0,1,8,0,2430,0
102.64,0,0,23,1,1301,0
9.49,0,1,19,0,2598,0
8.8,1,0,12,1,2348,0
54.14,0,0,12,0,3153,0
15.29,0,0,0,0,142,0
113.33,0,0,4,0,1873,0
69.14,0,1,0,1,2602,0
82.38,0,0,19,1,1541,0
50.36,0,0,22,0,1093,0
14.22,1,0,3,0,2123,0
8.49,0,0,6,2,1687,0
77.22,0,0,8,1,1568,0
9.49,0,0,19,1,3571,0
82.22,1,0,9,1,1543,0
43.33,0,0,1,3,786,0
25.7,0,1,14,0,61,0
36.95,0,0,3,0,429,0
37.55,0,0,15,1,1959,0
23.53,0,1,20,1,765,0
73.55,0,0,1,0,399,0
71.81,1,0,23,0,1282,0
30.23,1,0,15,1,877,0
17.81,0,1,1,3,1957,0
67.64,1,0,5,1,205,0
6.58,0,1,4,0,3577,0
36.99,0,0,21,1,3326,0
45.5,1,0,17,0,3175,0
15.18,0,0,8,0,625,0
53.61,0,1,12,2,2609,0
26.62,0,0,8,1,49,0
18.5,0,0,9,0,2629,0
53.21,1,1,15,1,2911,0
12.68,0,0,4,2,1035,0
49.82,0,0,18,0,1692,0
6.77,0,0,22,3,3387,0
33.12,0,0,23,1,723,0
27.96,0,0,4,0,1969,0
18.58,1,1,9,0,1109,0
35.61,0,0,6,0,593,0
25.64,1,0,15,4,2488,0
56.73,0,0,7,1,3468,0
40.13,0,0,9,3,2063,0
37.22,0,0,3,0,1848,0
33.26,0,0,13,1,1948,0
19.48,1,0,12,1,567,0
21.95,0,0,13,1,734,0
32.26,0,0,8,2,2683,0
24.01,1,0,18,3,2138,0
59.03,0,0,14,1,853,0
28.95,0,1,4,0,71,0
35.28,0,0,8,0,684,0
10.16,0,0,15,1,1843,0
52.47,0,1,2,1,976,0
18.05,0,0,8,0,2668,0
13.07,0,1,20,1,2110,0
85.83,0,0,10,0,538,0
44.18,0,0,12,0,1067,0
53.73,0,0,16,0,130,0
37.27,0,0,7,0,148,0
25.4,0,1,19,2,2745,0
22.29,0,0,0,0,1414,0
46.78,0,1,11,1,3218,0
59.91,0,1,14,0,855,0
25.85,0,0,5,0,1173,0
115.67,0,0,18,2,1866,0
23.61,1,0,1,0,1025,0
10.22,0,0,15,1,1677,0
8.12,1,0,15,0,446,0
8.32,1,1,18,1,285,1
20.29,0,0,4,0,3141,0
23.05,1,1,3,1,895,0
43.72,0,0,13,0,372,0
26.58,0,0,23,0,1027,0
48.93,1,0,18,0,1531,0
27.98,0,0,5,0,1769,0
27.37,0,0,9,0,2795,0
18.1,0,0,6,0,3001,0
73.39,0,1,18,0,1065,0
9.28,0,0,12,0,797,0
33.48,0,0,10,0,451,0
23.88,1,0,0,1,577,0
46.86,0,0,15,2,103,0
26.72,0,0,10,0,3,0
27.28,0,0,0,1,1526,1
22.5,0,1,4,2,2213,0
71.9,1,1,17,2,2990,0
27.16,0,1,17,0,1188,0
107.64,0,0,11,0,1055,0
32.8,1,1,18,1,2446,0
27.53,0,1,17,1,2324,0
24.49,0,0,14,0,2519,0
40.24,1,1,5,2,620,0
17.96,0,0,10,1,163,0
30.02,0,0,19,2,1989,0
27.27,0,0,7,3,1527,0
34.04,0,0,15,1,942,0
34.64,0,0,19,1,3533,0
35.92,0,0,12,0,580,0
28.97,0,0,12,0,1004,0
81.31,1,1,4,0,2737,0
36.44,0,0,11,0,1932,0
168.04,0,0,1,0,844,0
28.08,0,0,2,0,1963,0
53.05,0,0,13,0,1530,0
16.31,0,1,5,1,951,0
72.28,0,0,8,1,2449,0
16.56,1,0,8,0,2844,0
37.3,0,1,11,0,250,0
22.53,1,0,16,0,13,0
37.2,1,0,10,0,3296,0
23.0,0,0,20,1,827,0
15.6,0,0,11,1,314,0
22.42,0,1,23,0,2162,0
79.77,0,0,23,1,1177,0
37.6,1,0,10,0,3348,0
11.0,0,1,18,1,3505,0
58.37,0,0,10,2,34,0
14.53,1,0,21,0,699,0
45.62,1,0,18,3,2193,0
39.93,0,0,8,1,1226,0
41.74,1,0,7,0,12,0
99.21,0,0,21,0,1688,0
15.18,0,0,12,0,2273,0
41.58,0,0,16,0,3613,0
65.48,0,1,16,1,1502,0
17.28,0,0,3,1,2881,0
16.09,0,1,5,0,1585,0
22.18,0,0,21,0,2450,0
34.03,1,0,6,1,3531,0
10.1,0,0,20,0,2965,0
39.88,0,0,8,1,2490,0
10.12,0,0,20,1,3020,0
67.04,0,1,13,0,716,0
38.85,0,1,2,1,2905,0
103.46,0,0,6,0,3640,0
43.3,0,0,22,1,3552,0
21.9,1,0,4,0,936,0
15.5,0,1,5,0,1560,0
32.05,0,0,3,1,2503,0
26.54,1,0,14,2,268,0
62.2,1,0,19,0,2483,0
14.15,0,0,22,1,1005,0
111.57,1,0,21,3,3101,0
66.18,0,0,21,1,2240,0
23.51,0,0,21,0,1455,0
95.44,0,0,13,1,182,0
15.67,0,0,19,0,2540,0
31.31,0,1,15,2,1957,0
11.09,0,0,3,0,2284,0
98.75,0,0,0,1,64,0
8.56,1,0,2,1,1592,0
9.89,0,0,8,0,2759,0
17.39,0,0,11,1,3343,0
68.42,0,1,15,0,1281,0
52.9,1,0,12,1,919,0
29.53,0,1,8,0,2577,0
55.33,1,0,17,1,818,0
25.01,0,0,20,0,3242,0
36.44,0,0,5,1,2300,0
86.16,1,0,6,0,3377,1
22.81,0,0,22,0,694,0
15.86,0,0,23,1,306,0
37.68,0,0,7,1,3029,0
45.52,1,0,12,2,1054,0
29.29,0,0,13,1,1239,0
54.73,0,1,15,0,978,0
23.55,0,0,20,0,1537,0
29.64,0,0,2,0,3280,0
35.24,0,0,12,0,2490,0
33.15,0,0,5,1,263,0
83.87,0,0,18,2,3230,0
35.12,1,0,14,0,1610,0
21.92,0,0,17,1,2518,0
39.24,0,0,21,0,1333,0
54.94,0,0,18,1,343,0
46.62,0,0,20,0,1532,0
44.84,0,1,19,0,1233,0
9.5,0,0,15,0,65,0
4.74,0,0,9,0,2737,0
66.2,1,0,8,0,3145,0
36.86,0,0,8,1,3313,0
26.71,0,0,14,0,891,0
44.08,1,1,19,2,2313,0
104.49,0,0,8,2,1941,0
72.93,0,1,13,0,2175,0
53.17,0,0,9,1,2912,0
14.57,0,0,14,0,1384,0
15.96,0,0,19,2,1003,0
5.1,0,1,9,0,1744,0
42.24,0,0,9,0,2429,0
58.91,0,1,4,3,1577,0
62.37,1,1,11,1,1107,0
43.5,0,0,10,0,201,0
24.34,0,0,3,1,2091,0
18.27,1,0,23,1,79,0
15.21,0,1,20,1,1718,0
24.18,1,1,6,0,2253,0
13.67,1,0,22,2,1683,0
92.68,0,0,6,0,1860,0
10.9,1,0,10,1,1012,0
23.62,0,0,3,0,893,0
6.99,0,0,14,0,3083,0
33.37,0,1,11,0,3258,0
27.07,0,0,6,0,585,0
21.12,0,1,6,0,754,0
14.11,0,1,22,0,1303,0
27.16,0,0,16,1,2556,0
18.52,0,0,3,2,225,0
24.64,1,0,3,1,2877,0
106.72,1,0,1,0,25,0
30.59,0,0,5,1,3066,0
39.37,0,0,17,0,149,0
19.59,0,0,1,2,3064,0
15.66,0,1,5,0,3444,0
26.68,0,0,0,3,2898,0
156.45,0,0,15,1,3592,0
22.17,1,1,19,2,1670,0
34.92,0,0,12,1,2342,0
15.18,1,0,21,0,2277,0
3.94,1,0,16,1,42,0
15.6,0,0,18,0,3130,0
143.52,0,0,7,0,2573,0
41.13,0,0,20,0,1534,0
85.51,1,0,15,1,783,0
21.26,0,0,2,0,2448,0
5.21,0,0,1,2,3582,0
12.48,1,0,21,3,582,0
35.8,0,1,6,0,3358,0
32.02,0,1,11,0,2061,0
26.92,0,0,18,2,2879,0
18.71,0,0,18,1,514,0
52.34,1,0,0,0,381,0
19.09,0,1,14,0,2410,0
33.63,0,1,21,1,1034,0
31.09,0,0,8,1,1375,0
20.95,0,0,13,0,2271,0
14.63,0,0,6,1,831,0
20.1,1,0,17,1,1246,0
100.64,0,0,2,0,1316,0
59.07,0,0,12,1,1287,0
55.38,1,0,9,1,2560,0
15.63,1,0,15,1,553,0
9.91,0,0,11,0,3314,0
58.41,1,0,23,1,2613,0
51.08,0,0,23,2,41,0
29.85,0,0,6,0,2062,0
20.92,0,0,0,1,612,0
9.73,0,1,11,1,557,0
49.76,0,0,14,0,2575,0
62.2,1,1,18,2,909,0
16.85,0,0,12,1,2075,0
15.9,0,0,14,2,1037,0
64.63,1,0,0,0,1165,0
17.3,0,0,18,0,2448,0
94.19,0,1,7,1,2378,0
25.12,0,0,9,2,78,0
20.68,0,1,10,0,3165,0
27.98,0,1,1,0,2142,0
20.68,0,1,11,2,941,0
59.64,0,0,9,0,411,0
50.4,0,0,5,2,1772,0
58.07,0,1,5,0,2539,0
30.85,0,0,0,1,75,0
19.7,0,1,21,1,1057,0
26.94,0,0,7,0,3452,0
20.13,1,1,20,0,366,0
75.69,0,1,20,0,2925,0
54.69,0,1,10,0,869,0
25.43,0,0,19,1,1843,0
14.17,0,0,5,1,2786,0
79.73,0,0,4,0,3620,0
29.83,0,0,21,1,2202,0
24.75,1,0,15,0,803,0
80.22,0,0,16,1,298,0
18.97,0,1,22,0,2715,0
21.69,0,0,0,0,2111,0
23.07,0,0,4,1,2808,0
10.79,0,0,23,0,3603,0
33.82,0,1,3,0,3032,0
15.9,0,0,10,0,1830,0
18.18,0,0,0,0,2500,0
16.56,0,0,7,1,2281,0
17.98,0,0,4,0,695,0
15.07,1,0,6,0,1127,0
32.23,1,1,19,0,333,0
24.31,0,0,6,2,1344,0
28.04,1,0,19,1,658,0
140.84,1,1,21,0,3273,0
24.32,0,0,12,2,3132,0
41.41,0,0,12,2,2656,0
44.84,0,0,8,0,1467,0
25.95,0,0,16,0,27,0
32.84,1,0,19,1,1993,0
27.51,0,1,20,0,90,0
31.24,0,1,4,0,92,0
17.98,0,1,16,0,564,0
19.18,0,0,3,1,1793,0
27.44,0,0,11,2,2734,0
6.82,0,1,2,1,1493,0
77.27,0,0,13,1,2829,0
123.05,0,0,20,0,1951,0
30.55,0,0,19,0,3261,0
43.2,0,0,17,1,1369,0
57.79,0,0,13,1,1096,0
10.73,0,0,14,0,275,0
51.92,0,0,2,1,799,0
20.12,0,0,17,2,160,0
134.76,0,0,16,0,633,0
23.77,0,0,3,3,3466,0
51.2,0,0,15,0,1987,0
23.93,0,0,9,0,2203,0
126.18,0,0,12,1,1404,0
18.94,0,0,19,0,2348,0
61.29,0,0,7,0,2052,0
42.04,0,0,22,2,3341,0
35.98,0,0,10,0,2903,0
31.83,1,0,12,0,2010,0
17.0,0,1,0,0,2852,0
4.44,0,0,2,1,2246,0
57.52,1,0,6,1,3630,0
19.26,0,0,23,1,1909,0
61.48,0,1,6,2,3106,0
34.68,0,0,9,1,642,0
62.81,0,1,20,2,614,0
47.53,1,0,7,0,1137,0
4.83,0,0,19,1,3005,0
41.7,1,0,2,1,3227,0
21.32,0,0,3,1,1464,0
61.28,0,0,0,0,1620,0
41.01,0,0,2,1,1785,0
41.35,0,0,14,0,745,0
22.41,0,0,2,0,1960,0
14.31,1,1,14,0,3022,0
20.02,0,1,14,0,2741,0
7.69,1,0,5,0,318,0
17.94,0,1,0,0,1290,0
9.73,0,1,3,1,2334,0
9.91,0,1,3,2,2164,0
29.42,0,0,12,0,2555,0
39.4,0,0,22,0,2727,0
26.52,1,1,10,2,1108,0
19.12,1,0,15,0,1714,0
13.97,0,0,7,0,609,0
21.71,0,0,2,1,2617,0
15.25,0,0,5,1,1636,0
25.95,0,0,11,1,1272,0
9.35,0,0,20,0,2755,0
44.3,0,0,5,0,3423,0
18.23,0,1,23,1,3236,0
35.28,0,0,15,0,492,0
50.45,1,0,8,0,2975,0
34.11,0,0,14,1,2069,0
47.44,1,0,16,1,399,0
6.38,0,0,16,2,1415,0
19.2,0,0,20,0,813,0
58.68,0,1,15,3,942,0
38.72,1,0,0,1,2251,0
98.88,0,0,9,1,1473,0
89.4,0,1,21,0,2591,0
33.44,0,0,4,0,2942,0
22.73,0,0,11,0,31,0
13.86,0,0,12,0,3009,0
19.43,0,1,13,6,520,0
20.37,1,0,20,0,21,0
17.9,1,1,12,1,343,0
14.26,0,1,0,1,185,0
35.91,0,0,5,0,1245,0
88.91,0,0,15,0,3064,0
52.11,0,0,18,1,2484,0
21.63,0,0,15,0,1613,0
55.14,0,1,17,1,3442,0
34.56,0,0,5,0,1778,0
26.35,0,0,2,1,326,0
25.22,0,0,22,1,71,0
23.57,0,0,13,4,1847,0
42.77,1,1,17,1,821,1
29.9,0,0,22,0,1359,0
16.28,0,0,4,0,1129,0
15.74,0,0,20,0,1453,0
33.59,0,0,8,1,3512,0
36.6,0,0,15,1,248,0
21.78,0,0,9,0,398,0
12.28,0,0,4,1,1052,0
65.08,0,1,21,0,2710,0
56.09,0,0,8,1,921,0
6.75,0,0,0,0,909,0
69.25,0,0,3,0,2621,0
23.42,1,0,23,0,2196,0
30.97,1,0,19,0,2342,0
60.14,1,0,15,0,2406,0
86.21,1,0,18,1,2322,0
54.71,0,0,15,0,2027,0
32.1,0,0,21,2,1895,0
10.35,0,0,2,0,2799,0
6.56,0,0,1,0,1248,0
50.13,1,0,16,1,1175,0
69.37,0,1,23,0,889,0
15.33,0,0,13,0,3030,0
22.45,0,0,23,0,41,0
18.36,1,0,9,0,763,0
18.02,0,0,16,2,539,0
57.54,0,0,12,0,1363,0
31.59,0,0,21,0,802,0
23.09,0,1,15,0,1844,0
174.21,0,0,10,2,3560,0
9.93,0,0,5,0,1559,0
39.79,0,0,7,2,3542,0
13.01,0,0,1,3,1127,0
24.28,0,0,3,0,2801,0
30.09,1,1,12,1,503,0
48.97,0,0,0,1,2227,0
22.58,0,1,11,0,2742,0
20.97,0,0,1,1,2441,0
22.3,1,0,3,0,3422,0
12.73,0,0,16,2,2192,0
42.21,0,0,0,0,2140,0
33.01,1,0,8,1,2360,0
36.77,0,0,4,2,1290,0
25.82,0,0,1,0,800,0
23.69,0,0,4,0,3304,0
61.74,0,0,2,0,3564,0
55.44,1,0,1,1,3399,0
72.99,0,0,15,2,2761,0
35.19,1,0,2,1,815,0
69.89,1,0,22,1,854,0
20.26,0,0,11,0,1129,0
23.56,0,0,9,2,1874,0
62.59,0,0,21,2,861,0
48.93,1,1,18,3,2880,0
22.12,0,0,10,0,308,0
13.03,0,0,23,0,3325,0
23.51,1,1,12,0,1651,0
16.79,0,0,16,2,1401,0
90.66,1,1,23,0,1643,0
46.16,0,0,17,1,1765,0
15.86,0,0,14,2,2013,0
13.05,0,1,14,0,1131,0
15.72,0,0,15,1,1109,0
18.34,0,0,23,2,1374,0
24.13,0,0,16,1,569,0
59.16,0,1,7,0,831,0
13.78,1,0,0,0,1528,0
134.65,0,0,18,1,109,0
14.01,0,0,11,1,1532,0
10.11,0,1,9,0,1519,0
88.39,0,0,22,2,9,0
68.37,0,0,3,0,1717,0
23.86,0,1,0,1,2415,0
35.41,0,0,17,1,2846,0
36.04,0,0,22,1,1413,0
29.84,0,0,19,0,1907,0
10.94,1,0,20,1,286,0
4.77,0,0,20,1,1191,0
15.01,0,0,16,1,2422,0
96.67,0,0,22,0,1690,0
99.36,1,1,8,0,3482,0
22.57,1,0,17,0,2905,0
13.87,0,0,2,1,3310,0
32.94,0,0,12,0,1755,0
36.87,0,1,6,0,279,0
41.29,0,0,22,1,2026,0
4.62,0,0,10,0,3452,0
247.26,0,0,5,1,631,0
59.9,0,1,13,1,3505,0
23.61,1,1,1,1,27,0
16.4,0,0,3,2,2241,0
54.12,0,0,10,1,3393,0
38.35,0,0,15,0,770,0
28.92,1,0,13,2,978,0
37.37,0,0,1,0,2946,0
25.06,0,0,16,0,1268,0
35.92,0,0,1,1,2391,0
45.08,0,0,19,1,419,0
34.48,0,1,0,1,2452,0
33.24,1,0,0,0,1872,0
71.88,0,1,12,2,1827,0
8.86,0,0,19,1,2690,0
15.51,0,0,18,0,1634,0
27.62,0,1,14,0,2504,0
16.27,1,0,4,0,1554,0
20.55,0,0,22,1,3122,0
66.78,0,0,0,0,2029,0
24.43,0,1,8,1,1045,0
7.53,0,0,18,0,3207,0
20.16,1,0,14,0,1148,0
28.24,0,0,18,1,3439,0
27.88,1,0,18,4,3524,0
40.01,0,0,22,2,2036,0
37.79,1,1,12,0,1666,0
24.6,1,0,19,1,969,0
11.76,0,0,3,2,3045,0
19.91,0,0,4,0,980,0
17.53,0,1,1,0,2231,0
22.21,0,0,4,0,2934,0
43.98,0,0,2,1,660,0
35.98,0,0,19,0,630,0
48.27,1,0,11,1,3494,0
20.72,0,0,10,0,3604,0
77.93,1,0,15,0,1184,0
43.42,0,0,8,1,847,0
29.33,0,0,13,0,2342,0
41.36,0,0,0,0,2129,0
16.89,0,0,17,2,928,0
6.2,0,0,20,1,786,0
17.73,0,0,0,2,2101,0
45.75,1,0,1,0,1003,0
28.68,0,1,3,0,1975,0
24.64,0,0,14,1,2509,0
14.98,0,0,18,0,952,0
6.9,0,0,19,2,2086,0
73.51,0,1,18,1,3609,0
23.44,1,0,13,5,1962,0
20.07,0,0,16,1,513,0
16.94,0,1,6,0,2682,0
65.25,0,0,17,0,1616,0
50.25,1,0,4,1,2615,0
13.78,0,0,23,1,114,0
61.26,0,0,1,0,2597,0
24.49,0,0,22,0,2491,0
17.68,0,0,11,0,13,0
22.08,0,0,15,0,1686,0
15.67,0,0,3,1,1715,0
10.76,0,0,7,1,2044,0
46.68,0,0,20,2,2249,0
23.23,1,0,0,0,2549,0
41.76,1,0,4,2,3334,0
33.15,0,0,15,1,2788,0
39.8,0,0,19,0,1133,0
6.47,1,0,10,0,3525,0
14.78,0,1,2,1,1745,0
40.39,1,0,3,1,3153,0
11.11,0,0,21,0,1771,0
35.2,0,1,5,0,1181,0
10.24,0,0,13,0,2638,0
27.43,1,1,22,2,2654,0
83.68,0,0,9,0,440,0
46.63,0,0,1,0,277,0
7.42,0,0,19,1,2766,0
49.1,1,0,18,1,497,0
97.08,0,0,15,1,1675,0
192.08,1,0,21,1,1677,0
37.81,0,0,18,0,1603,0
10.43,1,1,16,0,1677,0
36.76,0,0,8,1,3470,0
82.87,0,0,1,2,1845,0
23.78,0,0,17,0,3167,0
56.27,0,0,20,0,1734,0
15.06,0,1,16,3,1722,0
35.19,0,0,15,1,2341,0
